-- phpMyAdmin SQL Dump
-- version 5.2.2
-- https://www.phpmyadmin.net/
--
-- Host: localhost:3306
-- Generation Time: Jan 25, 2026 at 04:32 AM
-- Server version: 5.7.44-48
-- PHP Version: 8.3.26

SET SQL_MODE = "NO_AUTO_VALUE_ON_ZERO";
START TRANSACTION;
SET time_zone = "+00:00";


/*!40101 SET @OLD_CHARACTER_SET_CLIENT=@@CHARACTER_SET_CLIENT */;
/*!40101 SET @OLD_CHARACTER_SET_RESULTS=@@CHARACTER_SET_RESULTS */;
/*!40101 SET @OLD_COLLATION_CONNECTION=@@COLLATION_CONNECTION */;
/*!40101 SET NAMES utf8mb4 */;

--
-- Database: `wkfbjlmy_WPATH`
--

-- --------------------------------------------------------

--
-- Table structure for table `admins`
--

CREATE TABLE `admins` (
  `id` int(11) NOT NULL,
  `username` varchar(50) COLLATE utf8mb4_unicode_ci NOT NULL,
  `password` varchar(255) COLLATE utf8mb4_unicode_ci NOT NULL
) ENGINE=InnoDB DEFAULT CHARSET=utf8mb4 COLLATE=utf8mb4_unicode_ci;

--
-- Dumping data for table `admins`
--

INSERT INTO `admins` (`id`, `username`, `password`) VALUES
(1, 'admin', '$2y$10$1TygaMGpvrUG9wON/efZluecvMGeLQYFLSXESr1qd/2.mU.OMVNyK');

-- --------------------------------------------------------

--
-- Table structure for table `carts`
--

CREATE TABLE `carts` (
  `id` int(11) NOT NULL,
  `user_id` int(11) DEFAULT NULL,
  `session_id` varchar(255) COLLATE utf8mb4_unicode_ci DEFAULT NULL,
  `status` enum('active','checked_out','abandoned','deleted') COLLATE utf8mb4_unicode_ci NOT NULL DEFAULT 'active',
  `created_at` timestamp NULL DEFAULT CURRENT_TIMESTAMP,
  `updated_at` timestamp NULL DEFAULT CURRENT_TIMESTAMP ON UPDATE CURRENT_TIMESTAMP
) ENGINE=InnoDB DEFAULT CHARSET=utf8mb4 COLLATE=utf8mb4_unicode_ci;

--
-- Dumping data for table `carts`
--

INSERT INTO `carts` (`id`, `user_id`, `session_id`, `status`, `created_at`, `updated_at`) VALUES
(9, 3, NULL, 'active', '2025-12-21 11:41:37', '2025-12-22 13:28:46'),
(13, NULL, 'af2ba63ed689fda5aa11a4c729f26e93', 'checked_out', '2025-12-21 14:00:46', '2025-12-22 13:28:52'),
(14, NULL, 'f0ead292e7922ec80aa6d26c73d72fbe', 'active', '2025-12-21 15:19:41', '2025-12-22 13:28:46'),
(15, NULL, '084b17efd4651b961eed6208c94869fc', 'active', '2025-12-21 16:07:05', '2025-12-22 13:28:46'),
(16, NULL, '3ee2302e6bcf32f20e1b4d71f6731958', 'active', '2025-12-22 00:08:02', '2025-12-22 13:28:46'),
(18, 123, NULL, 'active', '2025-12-22 11:57:00', '2025-12-22 13:28:46'),
(19, NULL, 'af2ba63ed689fda5aa11a4c729f26e93', 'checked_out', '2025-12-22 13:29:50', '2025-12-22 13:30:05'),
(20, NULL, 'af2ba63ed689fda5aa11a4c729f26e93', 'checked_out', '2025-12-22 13:34:03', '2025-12-22 13:34:17'),
(21, NULL, 'af2ba63ed689fda5aa11a4c729f26e93', 'checked_out', '2025-12-22 13:37:17', '2025-12-22 13:37:33'),
(22, NULL, 'af2ba63ed689fda5aa11a4c729f26e93', 'checked_out', '2025-12-22 13:38:13', '2025-12-22 13:38:28'),
(23, NULL, 'af2ba63ed689fda5aa11a4c729f26e93', 'checked_out', '2025-12-22 13:40:08', '2025-12-22 13:40:24'),
(24, NULL, 'af2ba63ed689fda5aa11a4c729f26e93', 'checked_out', '2025-12-22 13:40:47', '2025-12-22 13:41:01'),
(25, NULL, 'af2ba63ed689fda5aa11a4c729f26e93', 'checked_out', '2025-12-22 13:42:12', '2025-12-22 13:42:24'),
(26, NULL, 'af2ba63ed689fda5aa11a4c729f26e93', 'checked_out', '2025-12-22 13:43:03', '2025-12-22 13:43:51'),
(27, NULL, 'af2ba63ed689fda5aa11a4c729f26e93', 'checked_out', '2025-12-22 15:01:45', '2026-01-08 13:00:48'),
(28, NULL, '18e0c1b55aec1da40fd05e246c7a2015', 'active', '2025-12-22 22:09:57', '2025-12-22 22:09:57'),
(29, NULL, 'ca79e42e4cc8a131980150cf52693121', 'active', '2025-12-23 10:34:51', '2025-12-23 10:34:51'),
(30, NULL, 'f36da90f6fa0b3d3f6673aa16f2511e4', 'active', '2025-12-23 11:07:44', '2025-12-23 11:07:44'),
(31, NULL, 'b715eb9584a75842a18fcb4538d6f3ce', 'active', '2025-12-25 08:51:56', '2025-12-25 08:51:56'),
(32, NULL, '870101c6157712a23597c5fda2c51710', 'active', '2025-12-25 08:51:57', '2025-12-25 08:51:57'),
(33, NULL, 'a2c623ecf863e33b9c986c4e51569c7c', 'active', '2025-12-25 08:52:00', '2025-12-25 08:52:00'),
(34, NULL, 'bad86601b00dbe1347f9a4a1db7ac592', 'active', '2025-12-25 08:52:00', '2025-12-25 08:52:00'),
(35, NULL, 'b963f8b7d131e19a2ba4a4c9b2ada2e3', 'active', '2025-12-25 08:55:50', '2025-12-25 08:55:50'),
(36, NULL, 'b942aef9cbfc1beeda79ceab3b7bddd8', 'active', '2025-12-25 08:55:51', '2025-12-25 08:55:51'),
(37, NULL, '8fe9551ef89743d7a4b7ebec9202088c', 'active', '2025-12-25 08:55:54', '2025-12-25 08:55:54'),
(38, NULL, '1e69141166dcbec667626f9155149f0a', 'active', '2025-12-25 08:55:55', '2025-12-25 08:55:55'),
(39, NULL, 'e85bbf849ad711e5041bcfcc9e94edef', 'active', '2025-12-25 09:48:32', '2025-12-25 09:48:32'),
(40, NULL, 'bd0dfbad1162b1c27d575367e1a42457', 'active', '2025-12-25 09:48:32', '2025-12-25 09:48:32'),
(41, NULL, '2101fa423e03929bffe5df571d7ae7c2', 'active', '2025-12-25 09:48:32', '2025-12-25 09:48:32'),
(42, NULL, '562ae64e9b50603febfb7e18a668320e', 'active', '2025-12-25 09:48:36', '2025-12-25 09:48:36'),
(43, NULL, '7ae8205491cb2bf8596a9abb54e6dbac', 'active', '2025-12-25 09:48:36', '2025-12-25 09:48:36'),
(44, NULL, '6e519d84d6259e8acd78860bfefb17d1', 'active', '2025-12-25 09:48:36', '2025-12-25 09:48:36'),
(45, NULL, '14635d0daf8b1c9c277655b1499d1ad9', 'active', '2025-12-25 13:55:07', '2025-12-25 13:55:07'),
(46, NULL, 'a6ffd8c1fcd5b8dfb6a32360adb06206', 'active', '2025-12-25 19:51:30', '2025-12-25 19:51:30'),
(47, NULL, 'ce3eea1fdffbac59eb10fad72a7de2c1', 'active', '2025-12-25 21:37:28', '2025-12-25 21:37:28'),
(48, NULL, '4b4c2523625f10cc82f71202f7bf7865', 'active', '2025-12-26 05:46:14', '2025-12-26 05:46:14'),
(49, NULL, '0b9e39f196c6a27df86d848ab445739b', 'active', '2025-12-26 06:31:36', '2025-12-26 06:31:36'),
(50, NULL, 'da010fb4dae4c52f3cd49e78fe1717b8', 'active', '2025-12-26 08:46:20', '2025-12-26 08:46:20'),
(51, NULL, '9f926c4df5ed6bcb87e81a5a474f9d55', 'active', '2025-12-26 10:57:18', '2025-12-26 10:57:18'),
(52, NULL, '15f9c5565293cb7e420be357c6e127c1', 'active', '2025-12-26 11:13:18', '2025-12-26 11:13:18'),
(53, NULL, 'af0bd739034af1249b5ac19adeb07de5', 'active', '2025-12-26 11:13:20', '2025-12-26 11:13:20'),
(54, NULL, '3ecde86c4676b33de20b19510e620c97', 'active', '2025-12-26 12:22:53', '2025-12-26 12:22:53'),
(55, NULL, '27c70c8d738721ca9ee6b6f752d73f61', 'active', '2025-12-26 15:26:27', '2025-12-26 15:26:27'),
(56, NULL, '7aea18337a6fc4dbfed468aaf5bcdb69', 'active', '2025-12-26 17:00:38', '2025-12-26 17:00:38'),
(57, NULL, '77d73610f229d278e787460e072e7ab9', 'active', '2025-12-26 20:09:33', '2025-12-26 20:09:33'),
(58, NULL, '5e661f2ac3912237ae2ec48d6d5beedd', 'active', '2025-12-26 20:09:35', '2025-12-26 20:09:35'),
(59, NULL, 'd0bb53829a7262386b4aad140815fe43', 'active', '2025-12-26 20:09:38', '2025-12-26 20:09:38'),
(60, NULL, '3e94bfab96d32f97c05fad5165466e57', 'active', '2025-12-26 20:10:19', '2025-12-26 20:10:19'),
(61, NULL, '642c42b2aea39e6696f1b99fd62cf2f1', 'active', '2025-12-26 20:11:12', '2025-12-26 20:11:12'),
(62, NULL, 'e6ee5e0bba4d56bac9263c303d228fad', 'active', '2025-12-26 20:11:22', '2025-12-26 20:11:22'),
(63, NULL, 'c99937c13ffc69748b87107111025d67', 'active', '2025-12-26 20:27:07', '2025-12-26 20:27:07'),
(64, NULL, '7f1a198e0f3e84c1ff1193519a476ea1', 'active', '2025-12-26 20:27:08', '2025-12-26 20:27:08'),
(65, NULL, 'ec40e55047e5373cf32e9f967c36f70f', 'active', '2025-12-26 20:27:20', '2025-12-26 20:27:20'),
(66, NULL, 'dc6f2170b08557830b104dfc46aa16b2', 'active', '2025-12-26 20:27:23', '2025-12-26 20:27:23'),
(67, NULL, 'b9b2ac24df5e2b9cabd72cea89314945', 'active', '2025-12-26 21:05:24', '2025-12-26 21:05:24'),
(68, NULL, 'e9e26b61f938b12c8abab81a0fdce7e7', 'active', '2025-12-27 01:39:27', '2025-12-27 01:39:27'),
(69, NULL, 'f47f750bcae6763b510dba3864875d01', 'active', '2025-12-27 01:39:29', '2025-12-27 01:39:29'),
(70, NULL, '79f6ff5c48ae9df52d5a50ff26534685', 'active', '2025-12-27 01:39:29', '2025-12-27 01:39:29'),
(71, NULL, 'ac5ab845a5638b13b0d93060f474b037', 'active', '2025-12-27 01:39:36', '2025-12-27 01:39:36'),
(72, NULL, 'adc280195338517a9c1fec2428252294', 'active', '2025-12-27 01:39:37', '2025-12-27 01:39:37'),
(73, NULL, '824b5c30895debd1febff4765d2f0081', 'active', '2025-12-27 01:39:37', '2025-12-27 01:39:37'),
(74, NULL, '28c1e6e432561786e4c3d9c76c239d7b', 'active', '2025-12-27 03:59:34', '2025-12-27 03:59:34'),
(75, NULL, 'e2925253ca19f431100b00aeb2b57924', 'active', '2025-12-27 04:09:20', '2025-12-27 04:09:20'),
(76, NULL, '91c02ad7247852f04cfb20d2bf2a2851', 'active', '2025-12-27 07:02:03', '2025-12-27 07:02:03'),
(77, NULL, '97ae1d7eb1181162af9782f9811ff7a6', 'active', '2025-12-27 08:31:03', '2025-12-27 08:31:03'),
(78, NULL, 'e6d6fc42682577d31633b0e3c2ce0f10', 'active', '2025-12-27 12:29:56', '2025-12-27 12:29:56'),
(79, NULL, '2cbb82ab9160ca13d585a50d1ffa57f3', 'active', '2025-12-27 12:57:55', '2025-12-27 12:57:55'),
(80, NULL, 'a9de2f519873c7942399ba5444d812d7', 'active', '2025-12-27 13:38:31', '2025-12-27 13:38:31'),
(81, NULL, '983193e26469a5411ca7aa85928372f8', 'active', '2025-12-28 03:47:50', '2025-12-28 03:47:50'),
(82, NULL, '9872399fc4a255602195afb3ffaadcae', 'active', '2025-12-28 08:10:56', '2025-12-28 08:10:56'),
(83, NULL, '882b2fe050968e7a54e3dd29a7e64717', 'active', '2025-12-28 08:11:22', '2025-12-28 08:11:22'),
(84, NULL, '157559305a3b1deef83464ee65811a72', 'active', '2025-12-28 11:21:27', '2025-12-28 11:21:27'),
(85, NULL, '76fa2aa6b9b44e75cbd72b6b55ce7c3d', 'active', '2025-12-28 12:16:10', '2025-12-28 12:16:10'),
(86, NULL, '3f81685383c2dfc7d98c6d30b6b18bc8', 'active', '2025-12-28 18:01:18', '2025-12-28 18:01:18'),
(87, NULL, '27a565d7a9699526ba2bd2e1fb6819a3', 'active', '2025-12-28 19:29:30', '2025-12-28 19:29:30'),
(88, NULL, '2230466a29cf093c25e950210d694106', 'active', '2025-12-29 08:03:32', '2025-12-29 08:03:32'),
(89, NULL, 'ab238e844472e25b9126ebd56583e4fc', 'active', '2025-12-29 08:39:52', '2025-12-29 08:39:52'),
(90, NULL, 'd707d2eb54d37e33b13ff2c0c484f27a', 'active', '2025-12-29 08:40:05', '2025-12-29 08:40:05'),
(91, NULL, '1dbfbf0382d5231ee0676c42cdb16970', 'active', '2025-12-29 16:36:31', '2025-12-29 16:36:31'),
(92, NULL, 'f83d2ed0e28eac9736777b825b847b9e', 'active', '2025-12-29 20:12:14', '2025-12-29 20:12:14'),
(93, NULL, 'b4ce1018705fb0d62dd71fe9580c171b', 'active', '2025-12-30 00:49:00', '2025-12-30 00:49:00'),
(94, NULL, '5f14e1c85175d5be034bd5c68ad7a869', 'active', '2025-12-30 07:10:46', '2025-12-30 07:10:46'),
(95, NULL, '21a0a9ea4d93b6c63fb10b4a1ab8fbef', 'active', '2025-12-30 07:25:56', '2025-12-30 07:25:56'),
(96, NULL, 'f9c0421f264eeec5156b51449cbc93cf', 'active', '2025-12-30 07:34:46', '2025-12-30 07:34:46'),
(97, NULL, '9bb762bd95c6d8b3e34d09b7800c91d4', 'active', '2025-12-30 07:43:47', '2025-12-30 07:43:47'),
(98, NULL, 'b65168b0bbf849ed3456922220a96591', 'active', '2025-12-30 17:33:36', '2025-12-30 17:33:36'),
(99, NULL, '2026d9fc9cdf80d7fd6a041f96f4bbfb', 'active', '2025-12-31 09:30:00', '2025-12-31 09:30:00'),
(100, NULL, '082d967ce53fe29d1613dc404305a6d8', 'active', '2025-12-31 13:52:52', '2025-12-31 13:52:52'),
(101, NULL, 'c6101f1a628c67b930a17b13aa5e9690', 'active', '2025-12-31 17:06:49', '2025-12-31 17:06:49'),
(102, NULL, '66bea01407ba99ca2deac272d3068ea4', 'active', '2025-12-31 18:12:09', '2025-12-31 18:12:09'),
(103, NULL, '965bfaf5008295911e28a7c9023797d3', 'active', '2026-01-01 01:50:39', '2026-01-01 01:50:39'),
(104, NULL, '229ac9429380d0c1d1be06267b4f965d', 'active', '2026-01-01 06:31:17', '2026-01-01 06:31:17'),
(105, NULL, '05ccc445148c5fb66fc485b25f81db82', 'active', '2026-01-01 09:00:00', '2026-01-01 09:00:00'),
(106, NULL, '5b81b2e0d0f81615206d258c6d075e4d', 'active', '2026-01-01 16:29:43', '2026-01-01 16:29:43'),
(107, NULL, '625cab2247099bfaaa557fb68032c42f', 'active', '2026-01-01 16:29:46', '2026-01-01 16:29:46'),
(108, NULL, '624c129b873a3dc5074cae86c937990f', 'active', '2026-01-01 18:30:44', '2026-01-01 18:30:44'),
(109, NULL, '9b35503d51e9e98e1cb2d8a353b5a881', 'active', '2026-01-01 19:25:36', '2026-01-01 19:25:36'),
(110, NULL, 'e3e8a1a87310ce658d1dd6fdf6a94016', 'active', '2026-01-01 20:02:01', '2026-01-01 20:02:01'),
(111, NULL, '3afec71b971f2b4d8e612b76e5b5fd19', 'active', '2026-01-01 20:02:02', '2026-01-01 20:02:02'),
(112, NULL, '01aa2c8e8459c5a030d63e30208f7c79', 'active', '2026-01-01 20:02:02', '2026-01-01 20:02:02'),
(113, NULL, 'e3aea182404f9467e2e093e64d0cd6b2', 'active', '2026-01-01 20:02:54', '2026-01-01 20:02:54'),
(114, NULL, '8e2c2a3845c924dc56016c3bfdb523a3', 'active', '2026-01-01 20:04:37', '2026-01-01 20:04:37'),
(115, NULL, '3d767dce593153583197331e5b81fcba', 'active', '2026-01-02 10:30:35', '2026-01-02 10:30:35'),
(116, NULL, 'e7f679f88bfc7cdbddcfa76a8ef725c9', 'active', '2026-01-02 10:30:36', '2026-01-02 10:30:36'),
(117, NULL, 'be144212c49ddaa2659f7c648512c3fc', 'active', '2026-01-02 10:30:37', '2026-01-02 10:30:37'),
(118, NULL, '3d1f9553e560082ebbd287880bc25aa0', 'active', '2026-01-02 12:04:46', '2026-01-02 12:04:46'),
(119, NULL, 'a26020543cb32d03f1b630915bc7a58b', 'active', '2026-01-02 15:15:51', '2026-01-02 15:15:51'),
(120, NULL, 'cb17b05e5d860646fd14905ee5373c2d', 'active', '2026-01-02 18:22:34', '2026-01-02 18:22:34'),
(121, NULL, 'ae1ac8f18f1b4c4dcd8c2d24b768f83c', 'active', '2026-01-02 19:34:27', '2026-01-02 19:34:27'),
(122, NULL, '594c789f5e0b32311944f3c3b6402bc2', 'active', '2026-01-02 19:36:02', '2026-01-02 19:36:02'),
(123, NULL, '52a2c0e1969e1741e65c061175b7df0a', 'active', '2026-01-02 20:04:06', '2026-01-02 20:04:06'),
(124, NULL, '0554f38313ff01ac0d1200944dd29e27', 'active', '2026-01-02 20:21:46', '2026-01-02 20:21:46'),
(125, NULL, 'cd17850ec79df5fa3a74cd2f8982380a', 'active', '2026-01-02 23:17:13', '2026-01-02 23:17:13'),
(126, NULL, '3bd11117060b32c9ce17a97561d80d7b', 'active', '2026-01-02 23:55:01', '2026-01-02 23:55:01'),
(127, NULL, '03fac1647b66a5db4a0b7f9c8e2d1cfa', 'active', '2026-01-03 09:01:31', '2026-01-03 09:01:31'),
(128, NULL, '687b8f579bae1a2db6e20a7f47de4398', 'active', '2026-01-03 10:12:35', '2026-01-03 10:12:35'),
(129, NULL, '7d846adee3d3c7f78835f3814ae5c80a', 'active', '2026-01-03 10:34:46', '2026-01-03 10:34:46'),
(130, NULL, '2ab25516f226f3144a02c71f0e6d109a', 'active', '2026-01-03 10:58:13', '2026-01-03 10:58:13'),
(131, NULL, 'fee0948ba32aa02edc10d83a7c08b0e8', 'active', '2026-01-03 12:28:41', '2026-01-03 12:28:41'),
(132, NULL, '402a89f957951bf083d50e58245c33a5', 'active', '2026-01-03 13:35:41', '2026-01-03 13:35:41'),
(133, NULL, 'a057ff09f425de05ae0c6dd1abd14719', 'active', '2026-01-03 14:31:36', '2026-01-03 14:31:36'),
(134, NULL, 'd973e1167f66e46095c297065b232176', 'active', '2026-01-03 15:02:59', '2026-01-03 15:02:59'),
(135, NULL, '26fc1f2299552a50ab1751a47617a845', 'active', '2026-01-03 23:06:35', '2026-01-03 23:06:35'),
(136, NULL, '801bf7bc979ff01b225d81ba77e2db20', 'active', '2026-01-04 08:20:11', '2026-01-04 08:20:11'),
(137, NULL, 'fb4faf12194ac2501941a4d6daac3efd', 'active', '2026-01-04 08:21:06', '2026-01-04 08:21:06'),
(138, NULL, '52f3ebf6000c5420119e01759bc0b031', 'active', '2026-01-04 08:21:07', '2026-01-04 08:21:07'),
(139, NULL, '9e1a0051107448f651f68d7d53a11c89', 'active', '2026-01-04 08:21:07', '2026-01-04 08:21:07'),
(140, NULL, '5c0bd4817f2d01701bebe6972cdab4da', 'active', '2026-01-04 08:21:15', '2026-01-04 08:21:15'),
(141, NULL, 'a7b11605cd2947868fb907ee684f0839', 'active', '2026-01-04 08:21:15', '2026-01-04 08:21:15'),
(142, NULL, 'e479573fd47f6fc7984e8b37029f64ed', 'active', '2026-01-04 08:21:15', '2026-01-04 08:21:15'),
(143, NULL, 'dbec4feed1891ee4839da4720fc790da', 'active', '2026-01-04 08:21:30', '2026-01-04 08:21:30'),
(144, NULL, '88ad902a276aea9b2b8dbcf3d78cb5f4', 'active', '2026-01-04 08:21:30', '2026-01-04 08:21:30'),
(145, NULL, 'b8540fccbfcaea66709d409ec03bad22', 'active', '2026-01-04 08:21:30', '2026-01-04 08:21:30'),
(146, NULL, 'e110612594cacdfb0e12b836e3117e27', 'active', '2026-01-04 10:43:46', '2026-01-04 10:43:46'),
(147, NULL, '5a6d1067a1a6746d3a5250cc11b7fc78', 'active', '2026-01-04 10:43:53', '2026-01-04 10:43:53'),
(148, NULL, '77e84e78a3c17b4b3f811edd09e68acd', 'active', '2026-01-04 13:12:02', '2026-01-04 13:12:02'),
(149, NULL, '5871b4ae55ff4ffc1300c77eb06dd046', 'active', '2026-01-04 15:43:24', '2026-01-04 15:43:24'),
(150, NULL, 'da0bc5da47086e17921b6384f59e28c8', 'active', '2026-01-04 16:35:58', '2026-01-04 16:35:58'),
(151, NULL, 'a6bd6495535a5ff8aebfbc4527a05548', 'active', '2026-01-04 16:42:30', '2026-01-04 16:42:30'),
(152, NULL, '3bb2f4b615b587b91647190dbab4425d', 'active', '2026-01-04 18:24:32', '2026-01-04 18:24:32'),
(153, NULL, '94b0a4393352997ba3a472f97a38b7cb', 'active', '2026-01-04 19:33:46', '2026-01-04 19:33:46'),
(154, NULL, '20c944ad00174c837596baf4832083d5', 'active', '2026-01-04 19:52:00', '2026-01-04 19:52:00'),
(155, NULL, 'c44da6f276c8dbed9a0ac171578c4d9a', 'active', '2026-01-04 22:05:14', '2026-01-04 22:05:14'),
(156, NULL, '3d61b8bb564af7314152e003d78bd4a1', 'active', '2026-01-04 22:05:39', '2026-01-04 22:05:39'),
(157, NULL, 'fc691d8f0aa9adbeea0101d63bdb00f1', 'active', '2026-01-04 22:05:39', '2026-01-04 22:05:39'),
(158, NULL, '3f3577b6486a2b1a03e28bb2fb2f3e1e', 'active', '2026-01-04 22:07:12', '2026-01-04 22:07:12'),
(159, NULL, '6c279ca19cf1f20bac06e0a70fd91871', 'active', '2026-01-05 09:42:45', '2026-01-05 09:42:45'),
(160, NULL, '92c78e46b85fa432b42eaccd7f66488b', 'active', '2026-01-05 10:29:47', '2026-01-05 10:29:47'),
(161, NULL, 'f5797771ee3a570bbf258f57d6cd5437', 'active', '2026-01-05 11:54:55', '2026-01-05 11:54:55'),
(162, NULL, '261aabd20b13bbd66b38e94a65143bb8', 'active', '2026-01-05 13:01:03', '2026-01-05 13:01:03'),
(163, NULL, 'c44a7d26fb7a876316418d8aa8ab5127', 'active', '2026-01-05 22:25:14', '2026-01-05 22:25:14'),
(164, NULL, 'eacf15e119862578d2a4ab7ef801c0f5', 'active', '2026-01-06 01:19:23', '2026-01-06 01:19:23'),
(165, NULL, '69b9353fcdbfcd15b5803e957104f3ca', 'active', '2026-01-06 05:50:25', '2026-01-06 05:50:25'),
(166, NULL, 'c01307e3284d43af1d1a38a911dc0f4c', 'active', '2026-01-06 10:43:25', '2026-01-06 10:43:25'),
(167, NULL, 'fb767df21a367264dcafe4f502748fcf', 'active', '2026-01-06 10:43:28', '2026-01-06 10:43:28'),
(168, NULL, '4aae66bb779f830bec2c58aed4defe68', 'active', '2026-01-06 11:55:18', '2026-01-06 11:55:18'),
(169, NULL, 'b272de4d70f0c0c319cb3a9ffb319184', 'active', '2026-01-06 19:10:39', '2026-01-06 19:10:39'),
(170, NULL, '500f8e1e0f85dfbb1cc5fa59e71397bd', 'checked_out', '2026-01-07 08:41:45', '2026-01-07 08:48:03'),
(171, NULL, 'fec89184ddd23cc4cdef3e5dc07dea59', 'active', '2026-01-07 08:42:30', '2026-01-07 08:42:30'),
(172, NULL, '500f8e1e0f85dfbb1cc5fa59e71397bd', 'checked_out', '2026-01-07 08:48:54', '2026-01-07 08:51:03'),
(173, NULL, '17e51644899a7347a7e9def056798d89', 'active', '2026-01-07 10:24:55', '2026-01-07 10:24:55'),
(174, NULL, '524ac72efca5858a5281d09c2c276153', 'active', '2026-01-07 15:50:30', '2026-01-07 15:50:30'),
(175, NULL, 'c8ca2b4ff0f4e26645cf84da8741ad6e', 'active', '2026-01-07 17:23:22', '2026-01-07 17:23:22'),
(176, NULL, 'aaf8f0b1c204480440ffbd8200eb3642', 'active', '2026-01-07 18:02:44', '2026-01-07 18:02:44'),
(177, NULL, 'aaf9905c466b266e14dff62cb8a564c2', 'active', '2026-01-07 18:02:45', '2026-01-07 18:02:45'),
(178, NULL, '09d3a9c46907772ccf7ddbf641f9a72a', 'active', '2026-01-07 18:02:45', '2026-01-07 18:02:45'),
(179, NULL, '650b8094f06c676209fadd08e848762b', 'active', '2026-01-07 20:05:07', '2026-01-07 20:05:07'),
(180, NULL, 'f71a643f8c20dc82f5633a05d5320fb4', 'active', '2026-01-07 20:43:04', '2026-01-07 20:43:04'),
(181, NULL, 'e4848e80b7268f9d5140975ddc31b2d8', 'active', '2026-01-08 07:14:51', '2026-01-08 07:14:51'),
(182, NULL, 'f347317a39360aa322dba91a7b40db0f', 'active', '2026-01-08 08:17:22', '2026-01-08 08:17:22'),
(183, NULL, '5e5247e8ad2db8f2cfd86dd62560f535', 'active', '2026-01-08 10:48:49', '2026-01-08 10:48:49'),
(184, NULL, 'af2ba63ed689fda5aa11a4c729f26e93', 'checked_out', '2026-01-08 13:06:57', '2026-01-08 13:07:22'),
(185, NULL, 'af2ba63ed689fda5aa11a4c729f26e93', 'checked_out', '2026-01-08 13:08:45', '2026-01-08 13:09:01'),
(186, NULL, 'af2ba63ed689fda5aa11a4c729f26e93', 'checked_out', '2026-01-08 13:11:37', '2026-01-08 13:11:52'),
(187, NULL, 'af2ba63ed689fda5aa11a4c729f26e93', 'checked_out', '2026-01-08 13:13:33', '2026-01-08 13:13:45'),
(188, NULL, 'af2ba63ed689fda5aa11a4c729f26e93', 'checked_out', '2026-01-08 13:15:28', '2026-01-08 13:15:48'),
(189, NULL, 'af2ba63ed689fda5aa11a4c729f26e93', 'checked_out', '2026-01-08 13:18:16', '2026-01-08 13:58:02'),
(190, NULL, '6d812e2706f3f8fe00096bbd9ae56870', 'active', '2026-01-08 16:16:46', '2026-01-08 16:16:46'),
(191, NULL, 'a28a53669631f49abbbf9ab9ae4a6ce8', 'active', '2026-01-08 17:00:15', '2026-01-08 17:00:15'),
(192, NULL, 'c473f254d9c3c72c6374edc519577c8b', 'active', '2026-01-08 17:00:20', '2026-01-08 17:00:20'),
(193, NULL, '33df61bf6041182c2d6c77f7af287f7f', 'active', '2026-01-08 17:00:21', '2026-01-08 17:00:21'),
(194, NULL, '6d2e33dfc24e2b6d30041b5617456b7d', 'active', '2026-01-08 17:34:05', '2026-01-08 17:34:05'),
(195, NULL, '9f1c52bc0ae7998a1088a03954005826', 'active', '2026-01-08 18:19:00', '2026-01-08 18:19:00'),
(196, NULL, 'c117eab11db7a3123b8d9c18f2e299ff', 'active', '2026-01-08 19:05:25', '2026-01-08 19:05:25'),
(197, NULL, '73fe91d92a526ec2d33de0ec8f584ec1', 'active', '2026-01-08 19:07:04', '2026-01-08 19:07:04'),
(198, NULL, '91a7d4c941c8e32933490180d1968005', 'active', '2026-01-08 19:56:45', '2026-01-08 19:56:45'),
(199, NULL, '53246209d278f487a6682701f741e651', 'active', '2026-01-08 20:18:16', '2026-01-08 20:18:16'),
(200, NULL, '7ce2467a3df5b1f47d9efec976d993e1', 'active', '2026-01-08 20:19:09', '2026-01-08 20:19:09'),
(201, NULL, 'fcb96b36cba7ef659ed57273af62c0c0', 'active', '2026-01-08 20:19:10', '2026-01-08 20:19:10'),
(202, NULL, 'd818ba8f863f2af5f420c1b61ed34a06', 'active', '2026-01-08 22:10:32', '2026-01-08 22:10:32'),
(203, NULL, 'f11e33c31c649e0ebe59f61a52ede39c', 'active', '2026-01-09 12:11:33', '2026-01-09 12:11:33'),
(204, NULL, '1e3d4026678bce50b65fd0f03689bf1a', 'active', '2026-01-09 13:24:16', '2026-01-09 13:24:16'),
(205, NULL, '492731fdce21ac6ecd8912c1b47a0f7e', 'active', '2026-01-09 17:07:23', '2026-01-09 17:07:23'),
(206, NULL, 'a66450ddf63ae2f7e8113e581feaad07', 'active', '2026-01-09 21:26:14', '2026-01-09 21:26:14'),
(207, NULL, 'bf19d54d0802005f33fab8da56c018b5', 'active', '2026-01-10 12:25:56', '2026-01-10 12:25:56'),
(208, NULL, '0cf1ea27dd7883aa7fc5336a6c963d4d', 'active', '2026-01-10 15:29:05', '2026-01-10 15:29:05'),
(209, NULL, '220c80d27a84b85e16fffd9561a7627f', 'active', '2026-01-10 16:00:16', '2026-01-10 16:00:16'),
(210, NULL, '6b7cd00a24480d966525c4b960083a3f', 'active', '2026-01-10 16:00:21', '2026-01-10 16:00:21'),
(211, NULL, '611a0868739e0858e5d016ae3b0b3282', 'active', '2026-01-10 16:00:21', '2026-01-10 16:00:21'),
(212, NULL, 'c496648f44e7d604d5f42dbaca3b2573', 'active', '2026-01-10 16:00:29', '2026-01-10 16:00:29'),
(213, NULL, '2d358515c6063b6bf8e16367776bce96', 'active', '2026-01-10 16:00:30', '2026-01-10 16:00:30'),
(214, NULL, '73d396f1a65dc77e8d31d4e62655e91d', 'active', '2026-01-10 16:00:30', '2026-01-10 16:00:30'),
(215, NULL, 'dd96743905d4f7e82a7d091ee6214615', 'active', '2026-01-10 19:11:13', '2026-01-10 19:11:13'),
(216, NULL, '2d4bce5b8838566990edb043e4cc52b0', 'active', '2026-01-10 20:12:08', '2026-01-10 20:12:08'),
(217, NULL, '7277684922126d376083bb3859db70d0', 'active', '2026-01-10 21:23:54', '2026-01-10 21:23:54'),
(218, NULL, 'd43d771f20d4240c666831ea64767c74', 'active', '2026-01-10 21:43:13', '2026-01-10 21:43:13'),
(219, NULL, '52d62bf16346291d873c4112e1d9968b', 'active', '2026-01-11 01:38:39', '2026-01-11 01:38:39'),
(220, NULL, '5c2839095ac6b05848d6b25b38d5fb04', 'active', '2026-01-11 09:49:46', '2026-01-11 09:49:46'),
(221, NULL, 'e50176e78724b233bf2a0f63c4600d56', 'active', '2026-01-11 09:54:10', '2026-01-11 09:54:10'),
(222, NULL, 'e782c56c19f33586f1c70145624e3922', 'checked_out', '2026-01-11 09:56:51', '2026-01-11 10:03:48'),
(223, NULL, 'b35de3a43ea54ce927fec35446c26fe0', 'active', '2026-01-11 10:15:24', '2026-01-11 10:15:24'),
(224, NULL, 'ffa4e8369bffd0240f18fe1146d84876', 'active', '2026-01-11 10:43:41', '2026-01-11 10:43:41'),
(225, NULL, '526ff079d352836ca79df07ca3cb87ea', 'active', '2026-01-11 10:43:42', '2026-01-11 10:43:42'),
(226, NULL, '2342114658778b26fa056c1d2a1522af', 'active', '2026-01-11 11:33:58', '2026-01-11 11:33:58'),
(227, NULL, '1fb659a69d2d8c3d9b8a1fb35405b2d2', 'active', '2026-01-11 14:04:30', '2026-01-11 14:04:30'),
(228, NULL, 'c102b0ddb83d15c1951a894e38d4139c', 'active', '2026-01-11 14:19:47', '2026-01-11 14:19:47'),
(229, NULL, 'f33c524e880ff68e45d9b19e1f2f38b9', 'active', '2026-01-11 14:19:50', '2026-01-11 14:19:50'),
(230, NULL, '898813267ab0b17afaee9dca4d893bed', 'active', '2026-01-11 14:32:19', '2026-01-11 14:32:19'),
(231, NULL, 'f99f486cb12685942c2cb57ad8c22fc4', 'active', '2026-01-11 14:33:26', '2026-01-11 14:33:26'),
(232, NULL, '38b07015853811156f32b8691d5372ea', 'active', '2026-01-11 14:49:51', '2026-01-11 14:49:51'),
(233, NULL, '59453cbfab6b2b817817ab63e7ea2ad1', 'active', '2026-01-11 14:50:29', '2026-01-11 14:50:29'),
(234, NULL, 'd726939e97ce15c49bf345b2b7573b93', 'active', '2026-01-11 14:51:21', '2026-01-11 14:51:21'),
(235, NULL, 'abb468b7b496bbebc52f22f6ee0083c1', 'active', '2026-01-11 14:51:25', '2026-01-11 14:51:25'),
(236, NULL, 'c728f391db240618b60d6ae40417ac4b', 'active', '2026-01-11 15:00:37', '2026-01-11 15:00:37'),
(237, NULL, 'f8b1f7734bdc17c6e85b008551a9d964', 'active', '2026-01-11 15:05:00', '2026-01-11 15:05:00'),
(238, NULL, '54376b8b972619694a10b7704ad7c927', 'active', '2026-01-11 15:17:28', '2026-01-11 15:17:28'),
(239, NULL, '295e33884cbdd98ba99a3eea5900af7f', 'active', '2026-01-11 15:35:28', '2026-01-11 15:35:28'),
(240, NULL, '23620694a5ed7c41c62edafa1c500350', 'active', '2026-01-11 15:42:13', '2026-01-11 15:42:13'),
(241, NULL, 'ce09aba49a53e9c226a254b1eb23eabe', 'active', '2026-01-11 16:03:13', '2026-01-11 16:03:13'),
(242, NULL, '976852d7f4e935ca5039a78fa367a871', 'active', '2026-01-11 16:10:37', '2026-01-11 16:10:37'),
(243, NULL, 'd0c4d674a3cb506954ae602c3bcef550', 'active', '2026-01-11 16:13:40', '2026-01-11 16:13:40'),
(244, NULL, '9db246a1aaa6e8a572c8533c7064b2f0', 'active', '2026-01-11 16:32:39', '2026-01-11 16:32:39'),
(245, NULL, '4380b7cbc88ffe20bb9f9b8906dfc687', 'active', '2026-01-11 17:23:53', '2026-01-11 17:23:53'),
(246, NULL, '26345f066a9bfc8e1cdd2f4edeff17b3', 'active', '2026-01-11 17:58:11', '2026-01-11 17:58:11'),
(247, NULL, '43ef0d6f8783e5efe5371b3f00a02b00', 'active', '2026-01-11 18:35:24', '2026-01-11 18:35:24'),
(248, NULL, '46d3b785863767100884e131e7404397', 'active', '2026-01-11 18:35:27', '2026-01-11 18:35:27'),
(249, NULL, 'df50a4f92d80bae80a72758f11ab8ed4', 'active', '2026-01-11 18:54:51', '2026-01-11 18:54:51'),
(250, NULL, '52152b06ff9eca02fe0600c2dbb4aa32', 'active', '2026-01-11 18:58:25', '2026-01-11 18:58:25'),
(251, NULL, '7343d063652fa1b4cfbbe74d512930ef', 'active', '2026-01-11 19:23:54', '2026-01-11 19:23:54'),
(252, NULL, '6286c49ea952e56c9d835423caac2dc8', 'active', '2026-01-11 20:12:39', '2026-01-11 20:12:39'),
(253, NULL, '572d22cf9f1d8dc996c1cedb02121953', 'active', '2026-01-11 21:45:45', '2026-01-11 21:45:45'),
(254, NULL, '714f7ed201f8b3cac39368b5fb90e41b', 'active', '2026-01-12 01:53:27', '2026-01-12 01:53:27'),
(255, NULL, '7bce5ce339ef958179adbc9d9b9f2e5b', 'active', '2026-01-12 03:17:40', '2026-01-12 03:17:40'),
(256, NULL, '75f644bf31e6c5a18b13c4c7992eaf37', 'active', '2026-01-12 06:33:55', '2026-01-12 06:33:55'),
(257, NULL, '8eefad57a63526e885ce782c5c7056c3', 'active', '2026-01-12 06:49:11', '2026-01-12 06:49:11'),
(258, NULL, 'c800758073c1a02cf6824c98610746dd', 'active', '2026-01-12 07:03:07', '2026-01-12 07:03:07'),
(259, NULL, '2fcddf8a4fadfdd384676aad7b483e67', 'active', '2026-01-12 07:03:10', '2026-01-12 07:03:10'),
(260, NULL, 'cf7cfaed5062c43eb428d616357a6f83', 'active', '2026-01-12 07:03:10', '2026-01-12 07:03:10'),
(261, NULL, 'f8cb07c49c80a4812fd42743d5fc695d', 'active', '2026-01-12 07:03:17', '2026-01-12 07:03:17'),
(262, NULL, 'fa2b0f4d3fed0c93445517c9606a0e27', 'active', '2026-01-12 07:03:19', '2026-01-12 07:03:19'),
(263, NULL, 'ff906f4f0c337e1e54405c26a0e82de0', 'active', '2026-01-12 07:03:21', '2026-01-12 07:03:21'),
(264, NULL, 'e4429cb13d82004b1f90e068ef91328f', 'active', '2026-01-12 07:03:22', '2026-01-12 07:03:22'),
(265, NULL, '641c075cb464c775cbab711c25c5d7d9', 'active', '2026-01-12 07:03:22', '2026-01-12 07:03:22'),
(266, NULL, '710e16f1e5f5330d038c8ff3a833cb3a', 'active', '2026-01-12 07:03:35', '2026-01-12 07:03:35'),
(267, NULL, 'e1a320868cabfd1995a4cdfd900f2f08', 'active', '2026-01-12 07:03:36', '2026-01-12 07:03:36'),
(268, NULL, '40b4e3452d3ec37d84bb9ac6878c48d1', 'active', '2026-01-12 07:03:36', '2026-01-12 07:03:36'),
(269, NULL, '905ae6cf22011bd794d7070b38c30c81', 'active', '2026-01-12 07:04:31', '2026-01-12 07:04:31'),
(270, NULL, '890b84889016a347df8d04458eeba6d0', 'active', '2026-01-12 07:04:32', '2026-01-12 07:04:32'),
(271, NULL, 'fe721db44ede957e6fe7c4a0339485df', 'active', '2026-01-12 07:04:32', '2026-01-12 07:04:32'),
(272, NULL, 'd7d1d6d3e7d810a99d7338f1e88e77b6', 'active', '2026-01-12 07:34:43', '2026-01-12 07:34:43'),
(273, NULL, '2feeb2c14a9c50345edd109078546fe0', 'active', '2026-01-12 08:06:54', '2026-01-12 08:06:54'),
(274, NULL, 'adb6856e5543a58228315f5127a8aab1', 'active', '2026-01-12 10:04:18', '2026-01-12 10:04:18'),
(275, NULL, '13876331aa68662b75a7c2b78e322871', 'active', '2026-01-12 12:43:42', '2026-01-12 12:43:42'),
(276, NULL, '41cd779a87b45710ba9995127aa4d94a', 'active', '2026-01-12 12:50:01', '2026-01-12 12:50:01'),
(277, NULL, 'dad0b15d878234679b8b6f5cb5b137a1', 'active', '2026-01-12 12:50:19', '2026-01-12 12:50:19'),
(278, NULL, 'c371d85a6d053a84e935fe17061fe536', 'active', '2026-01-12 12:52:47', '2026-01-12 12:52:47'),
(279, NULL, 'b83797ec41baf467c5f3837a48e3334c', 'checked_out', '2026-01-12 13:00:18', '2026-01-12 13:20:25'),
(280, NULL, '9ebb2fc1779f3ce69d6a3530706de12c', 'active', '2026-01-12 13:13:49', '2026-01-12 13:13:49'),
(281, NULL, 'e87a6c39cd4f4ba3a8dab26f3d49ebae', 'active', '2026-01-12 13:29:04', '2026-01-12 13:29:04'),
(282, NULL, 'd79b990d4398671f1ecd9a74f9ad5370', 'active', '2026-01-12 13:32:40', '2026-01-12 13:32:40'),
(283, NULL, 'ecd114df858a59bf7b80e29c72195014', 'active', '2026-01-12 13:50:27', '2026-01-12 13:50:27'),
(284, NULL, '438442de0d4651d3b3037842e7a2b0e6', 'active', '2026-01-12 14:17:12', '2026-01-12 14:17:12'),
(285, NULL, 'eb948d37cf4b969d1aaf3b3251ecd9bf', 'active', '2026-01-12 14:20:07', '2026-01-12 14:20:07'),
(286, NULL, '39ba31f405ae83da223727494e3a9211', 'active', '2026-01-12 14:47:49', '2026-01-12 14:47:49'),
(287, NULL, 'c7a75d9e22109fcb926f8e8fe4e6da6c', 'active', '2026-01-12 15:08:32', '2026-01-12 15:08:32'),
(288, NULL, '1491cc24efe800deb295661897e4bdfe', 'active', '2026-01-12 15:33:29', '2026-01-12 15:33:29'),
(289, NULL, 'c4852f9e42a60c671488c8a9934d8c5d', 'active', '2026-01-12 15:44:09', '2026-01-12 15:44:09'),
(290, NULL, 'b3c7571cfc9a9dc1c3a5714941815391', 'active', '2026-01-12 16:38:21', '2026-01-12 16:38:21'),
(291, NULL, 'd77fc9a46db1ca0c31a5ec387d424987', 'active', '2026-01-12 16:52:52', '2026-01-12 16:52:52'),
(292, NULL, '9dffa2e171185be3e5760a75d928d1e4', 'active', '2026-01-12 16:53:22', '2026-01-12 16:53:22'),
(293, NULL, '07cda83702e135d27cb112025bfffc6d', 'active', '2026-01-12 17:49:26', '2026-01-12 17:49:26'),
(294, NULL, '1e61d1efa2cc999f3e56ed5afa9144f1', 'active', '2026-01-12 17:49:33', '2026-01-12 17:49:33'),
(295, NULL, '3e3742463e9fef7fb8765b9dcb28fe00', 'active', '2026-01-12 18:13:15', '2026-01-12 18:13:15'),
(296, NULL, 'bbd651ce800d052338f4e382a18780a3', 'active', '2026-01-12 18:47:17', '2026-01-12 18:47:17'),
(297, NULL, 'f2a5e6788c14f258d61ea2d6bcffdbf1', 'active', '2026-01-12 19:06:04', '2026-01-12 19:06:04'),
(298, NULL, '9b853b06798e0b0edcdbc284362297d3', 'active', '2026-01-12 20:29:48', '2026-01-12 20:29:48'),
(299, NULL, '71cb1b7766b36dd099b10bd77b01b8ef', 'active', '2026-01-12 20:40:56', '2026-01-12 20:40:56'),
(300, NULL, 'fe65b8fedfc3e36cfb035ecfd17e01d1', 'active', '2026-01-13 00:13:23', '2026-01-13 00:13:23'),
(301, NULL, '19455c2b5b3c08709d5e5a941937fa47', 'active', '2026-01-13 01:04:57', '2026-01-13 01:04:57'),
(302, NULL, 'ffd0a5919d45f162fefb6343ec214ae8', 'active', '2026-01-13 05:30:53', '2026-01-13 05:30:53'),
(303, NULL, '790133c2eee782ffdff38756304c971c', 'active', '2026-01-13 07:20:54', '2026-01-13 07:20:54'),
(304, NULL, 'e77d112f6acf3a459ae1151765cabaeb', 'active', '2026-01-13 08:37:24', '2026-01-13 08:37:24'),
(305, NULL, 'a6be86ec313c7a14499a4e45d581bbc3', 'active', '2026-01-13 08:39:08', '2026-01-13 08:39:08'),
(306, NULL, '69369d3840747bafdfc4d37d9ed32514', 'active', '2026-01-13 09:15:01', '2026-01-13 09:15:01'),
(307, NULL, '916bbc4df4b8a7a19f684b01b9fb6649', 'active', '2026-01-13 09:15:39', '2026-01-13 09:15:39'),
(308, NULL, '456fb726203643efd6433dd45df3f80d', 'active', '2026-01-13 09:56:16', '2026-01-13 09:56:16'),
(309, NULL, '7542bb0fae62711a106c4e626e0b3148', 'active', '2026-01-13 10:43:23', '2026-01-13 10:43:23'),
(310, NULL, 'b5c41a56104b83f1b9884670c3ce2fd1', 'active', '2026-01-13 11:03:26', '2026-01-13 11:03:26'),
(311, NULL, '38c39f27648073f33896dd56c7174693', 'active', '2026-01-13 13:41:56', '2026-01-13 13:41:56'),
(312, NULL, 'b55aa0bf922c147e9ee7734a61a556ff', 'active', '2026-01-13 13:43:55', '2026-01-13 13:43:55'),
(313, NULL, 'db54bd032964e2af4d39cb9ee7ff0a6f', 'active', '2026-01-13 13:47:49', '2026-01-13 13:47:49'),
(314, NULL, 'a64b2a5d0bad4fc10de7d1b48adb8c81', 'active', '2026-01-13 13:47:49', '2026-01-13 13:47:49'),
(315, NULL, '509b3e37b8cc72e123a75902fd4f84bb', 'active', '2026-01-13 13:47:49', '2026-01-13 13:47:49'),
(316, NULL, '1a693c6d7c2dd78bf63049b74a760f71', 'active', '2026-01-13 13:47:54', '2026-01-13 13:47:54'),
(317, NULL, 'c30e3517563d29536db3138511e400a2', 'active', '2026-01-13 13:47:54', '2026-01-13 13:47:54'),
(318, NULL, '829b7d24a5a23ef6fd2b9823f96b0a5e', 'active', '2026-01-13 13:47:54', '2026-01-13 13:47:54'),
(319, NULL, '6d62619ef3376876eac4985345678655', 'active', '2026-01-13 13:47:54', '2026-01-13 13:47:54'),
(320, NULL, '8cc5cec0136d04c9dd88d314359e4df4', 'active', '2026-01-13 13:48:02', '2026-01-13 13:48:02'),
(321, NULL, '607ae66fa67276983508c40df570f77e', 'active', '2026-01-13 13:48:02', '2026-01-13 13:48:02'),
(322, NULL, '6144f81a47ca208a2a71237009d1611e', 'active', '2026-01-13 13:48:03', '2026-01-13 13:48:03'),
(323, NULL, 'e227dc5d2870e9cb82e7aff4208239fc', 'active', '2026-01-13 13:48:03', '2026-01-13 13:48:03'),
(324, NULL, '9ebb4add4e3cff1b0e22086e1f9d27f3', 'active', '2026-01-13 13:48:03', '2026-01-13 13:48:03'),
(325, NULL, 'a62da1ab907c9687375a852a3ed24c2f', 'active', '2026-01-13 13:48:15', '2026-01-13 13:48:15'),
(326, NULL, '4ca5c21cd0795068ab33cc9fbb2ce45f', 'active', '2026-01-13 13:53:20', '2026-01-13 13:53:20'),
(327, NULL, 'bf29e84a34407acde6b05e0e2254b54f', 'active', '2026-01-13 13:53:20', '2026-01-13 13:53:20'),
(328, NULL, '90df7295c9bd6aedd013a8279858d2f8', 'active', '2026-01-13 13:53:27', '2026-01-13 13:53:27'),
(329, NULL, 'd6faa61fa12e50805819758cc232c001', 'active', '2026-01-13 14:11:33', '2026-01-13 14:11:33'),
(330, NULL, '8ce0ce14310410cf120061f0409ab12d', 'active', '2026-01-13 17:13:15', '2026-01-13 17:13:15'),
(331, NULL, '46503084f13ffc26e5cf1da30151b39d', 'active', '2026-01-13 18:38:01', '2026-01-13 18:38:01'),
(332, NULL, '0e42d70f01161ac686c61e1b220e3df3', 'active', '2026-01-13 19:08:47', '2026-01-13 19:08:47'),
(333, NULL, '262e58a7dfe2301993e5b957534ac419', 'active', '2026-01-13 19:18:07', '2026-01-13 19:18:07'),
(334, NULL, 'a96200e7836da139bf6fb41e7d51e62e', 'active', '2026-01-13 22:14:43', '2026-01-13 22:14:43'),
(335, NULL, '736ba90ba2c3a0ae61297c5f4142982e', 'active', '2026-01-14 04:52:24', '2026-01-14 04:52:24'),
(336, NULL, 'd1459e5809f31730b7382c60dd4d651e', 'active', '2026-01-14 04:52:24', '2026-01-14 04:52:24'),
(337, NULL, 'd1eedafd2e7009ac57dab9b262301ccb', 'active', '2026-01-14 05:50:56', '2026-01-14 05:50:56'),
(338, NULL, '849aa2a8d201968f1f730fa00aced976', 'active', '2026-01-14 05:50:57', '2026-01-14 05:50:57'),
(339, NULL, '88a559aaff838cd71b424257929b9b00', 'active', '2026-01-14 07:00:10', '2026-01-14 07:00:10'),
(340, NULL, '7cb14e5854e237e620534c740cd5a66c', 'active', '2026-01-14 08:52:30', '2026-01-14 08:52:30'),
(341, NULL, 'a3f60c1af135b40cd74f42be801d006a', 'active', '2026-01-14 09:03:23', '2026-01-14 09:03:23'),
(342, NULL, '8d829d70c0703098eef4a05b699795db', 'active', '2026-01-14 09:21:56', '2026-01-14 09:21:56'),
(343, NULL, '3aa5a06e476332ed67d19e8a947a2f89', 'active', '2026-01-14 09:26:50', '2026-01-14 09:26:50'),
(344, NULL, '15d5529944b5dbb61dcee0599bd62ae6', 'active', '2026-01-14 09:41:04', '2026-01-14 09:41:04'),
(345, NULL, '95206b343104ed6d9fc901efccb4369e', 'active', '2026-01-14 10:04:50', '2026-01-14 10:04:50'),
(346, NULL, '56caeb3b3740765383a114a32b30adfb', 'active', '2026-01-14 10:13:37', '2026-01-14 10:13:37'),
(347, NULL, '332e38534a8c156275000620f7099acd', 'active', '2026-01-14 10:34:06', '2026-01-14 10:34:06'),
(348, NULL, '4e94879779626e9013b95064a1856213', 'active', '2026-01-14 10:37:27', '2026-01-14 10:37:27'),
(349, NULL, '37d28c4f81ec25154e93bb2802d397bd', 'active', '2026-01-14 10:45:27', '2026-01-14 10:45:27'),
(350, NULL, '664ade5ae5e201e23bd39d77f7786865', 'active', '2026-01-14 12:36:04', '2026-01-14 12:36:04'),
(351, NULL, 'c033b7047992791cb54425a9d4e80573', 'active', '2026-01-14 13:13:22', '2026-01-14 13:13:22'),
(352, NULL, 'fd9827b893da54c91cc16c47e04b22b7', 'active', '2026-01-14 14:09:50', '2026-01-14 14:09:50'),
(353, NULL, 'fcbf5cc9d78a9987aaea7b5bcc86fb97', 'active', '2026-01-14 15:53:26', '2026-01-14 15:53:26'),
(354, NULL, '0e08e922c8a23153758bb7f06129181c', 'active', '2026-01-14 16:41:37', '2026-01-14 16:41:37'),
(355, NULL, 'f8b51fcccf4289d7a9a5d3faed2439ff', 'active', '2026-01-14 17:06:28', '2026-01-14 17:06:28'),
(356, NULL, 'a58e967919d878280d4e37a9fe74251a', 'active', '2026-01-14 17:39:28', '2026-01-14 17:39:28'),
(357, NULL, '6c85c12975743d45343d4a7888499c99', 'active', '2026-01-14 19:48:08', '2026-01-14 19:48:08'),
(358, NULL, '151063376c9190c43e718f1e0006fba3', 'active', '2026-01-15 06:42:10', '2026-01-15 06:42:10'),
(359, NULL, '6c30af58bfe8ca63b04cb5a09ac5ef31', 'active', '2026-01-15 07:06:33', '2026-01-15 07:06:33'),
(360, NULL, 'af2ba63ed689fda5aa11a4c729f26e93', 'checked_out', '2026-01-15 07:17:27', '2026-01-15 07:18:11'),
(361, NULL, 'af2ba63ed689fda5aa11a4c729f26e93', 'checked_out', '2026-01-15 07:20:29', '2026-01-15 07:21:25'),
(362, NULL, 'a0c520de811846702c751672efdaafee', 'active', '2026-01-15 10:53:07', '2026-01-15 10:53:07'),
(363, NULL, '5d967437e9eac2ba134a467d847aa963', 'active', '2026-01-15 10:53:12', '2026-01-15 10:53:12'),
(364, NULL, 'b022c938f9a3d373a09a96682cace9ec', 'active', '2026-01-15 12:07:41', '2026-01-15 12:07:41'),
(365, NULL, '0b359afc6699f19f158a57f65eaea3da', 'active', '2026-01-15 12:31:46', '2026-01-15 12:31:46'),
(366, NULL, 'ab0158dd00c1cdd8986c44d9d1ad80ac', 'active', '2026-01-15 13:14:11', '2026-01-15 13:14:11'),
(367, NULL, '38b5582193f2eef5c449b1d9d888ecc2', 'active', '2026-01-15 13:55:30', '2026-01-15 13:55:30'),
(368, NULL, 'ff246ce0978eeffc6f5ab5eb6fca0793', 'active', '2026-01-15 17:46:03', '2026-01-15 17:46:03'),
(369, NULL, '656799327035c7e612a8d86c3e7de8a9', 'active', '2026-01-15 18:41:08', '2026-01-15 18:41:08'),
(370, NULL, '12e98aa8603539add855441b9ffea8ed', 'active', '2026-01-15 18:55:28', '2026-01-15 18:55:28'),
(371, NULL, '0cbda14526ce2f069289547f9e9a9e7b', 'active', '2026-01-15 22:42:04', '2026-01-15 22:42:04'),
(372, NULL, '22a646bfe489a8a5eb44de986118c954', 'active', '2026-01-16 03:04:54', '2026-01-16 03:04:54'),
(373, NULL, '41f04224fa8faefb4708b734b6ce9b50', 'active', '2026-01-16 05:46:29', '2026-01-16 05:46:29'),
(374, NULL, '6101483e81b547fc1732d72098bfdcec', 'active', '2026-01-16 08:38:42', '2026-01-16 08:38:42'),
(375, NULL, '6d7fe24dcbbcffcf1cb6082b846bbd12', 'active', '2026-01-16 10:58:41', '2026-01-16 10:58:41'),
(376, NULL, '110301ba29f0d4d55ab0508da5f553eb', 'active', '2026-01-16 10:58:42', '2026-01-16 10:58:42'),
(377, NULL, '51a40b141caab63d6dfb5e98cd59b0a1', 'active', '2026-01-16 10:58:44', '2026-01-16 10:58:44'),
(378, NULL, 'be6a2e94ff3f5bacbc8c0b46681a5611', 'active', '2026-01-16 10:58:54', '2026-01-16 10:58:54'),
(379, NULL, '2f466b2b2403128a154a9d74415ad140', 'active', '2026-01-16 18:02:40', '2026-01-16 18:02:40'),
(380, NULL, 'cfee60f44bb8a6f7c9bb5379bdad1f8d', 'active', '2026-01-16 20:08:09', '2026-01-16 20:08:09'),
(381, NULL, '9e95b685448266f577e9c7bdf9237654', 'active', '2026-01-16 20:19:59', '2026-01-16 20:19:59'),
(382, NULL, '31bfb8ea19d4dc5b520962177c8c5304', 'active', '2026-01-16 21:18:08', '2026-01-16 21:18:08'),
(383, NULL, 'd2e89706474c1d5aece69ed167a6cd83', 'active', '2026-01-16 23:48:45', '2026-01-16 23:48:45'),
(384, NULL, 'f7509c8dd510e3d18e505d91877b2180', 'active', '2026-01-16 23:48:45', '2026-01-16 23:48:45'),
(385, NULL, '6586e49ae46e1a41ab7aef85efabcf69', 'active', '2026-01-16 23:48:45', '2026-01-16 23:48:45'),
(386, NULL, '3080e2b8f130a9a1045cb8c9fc48b01b', 'active', '2026-01-16 23:48:45', '2026-01-16 23:48:45'),
(387, NULL, 'f00b7021b59aa9af5471c5d8b25ebfd5', 'active', '2026-01-16 23:48:45', '2026-01-16 23:48:45'),
(388, NULL, 'd74809df85e9825b0c0306b6a69836f4', 'active', '2026-01-16 23:48:45', '2026-01-16 23:48:45'),
(389, NULL, 'a5edbb91a51a94bd6f4471e42292b352', 'active', '2026-01-16 23:48:47', '2026-01-16 23:48:47'),
(390, NULL, '45144612e019d4410d86bdbabf1b25d3', 'active', '2026-01-16 23:48:47', '2026-01-16 23:48:47'),
(391, NULL, 'd08784e5d82c802b468daa76f87e253a', 'active', '2026-01-16 23:48:47', '2026-01-16 23:48:47'),
(392, NULL, '44b4a0de39d6d1f4743de8092d86fbc3', 'active', '2026-01-16 23:48:47', '2026-01-16 23:48:47'),
(393, NULL, '09f37ab25810181fb158917c84177002', 'active', '2026-01-16 23:48:48', '2026-01-16 23:48:48'),
(394, NULL, '03ce0f35575c266eaa8bfa8241d336e9', 'active', '2026-01-16 23:48:48', '2026-01-16 23:48:48'),
(395, NULL, 'da6efa2972c8f3fd26665895823674a3', 'active', '2026-01-17 16:12:38', '2026-01-17 16:12:38'),
(396, NULL, '77178f8558d5eddb169056befc9a7367', 'active', '2026-01-17 17:47:52', '2026-01-17 17:47:52'),
(397, NULL, '50ab024b2f9bf0ae195d968f9981a1bc', 'active', '2026-01-17 18:07:56', '2026-01-17 18:07:56'),
(398, NULL, 'c65d5d173518cb8fb2b3b89abb7d8170', 'active', '2026-01-17 18:38:27', '2026-01-17 18:38:27'),
(399, NULL, '3ba4e9b51beed8fa490f99894d41bff6', 'active', '2026-01-17 19:34:55', '2026-01-17 19:34:55'),
(400, NULL, '41e84c6c70cb2ca319570169ed65a5e2', 'active', '2026-01-17 23:08:26', '2026-01-17 23:08:26'),
(401, NULL, 'f54b798805459d54025d60bce90548d6', 'active', '2026-01-18 08:28:44', '2026-01-18 08:28:44'),
(402, NULL, '8f110e88492a328528b058f65b952e2c', 'active', '2026-01-18 08:59:23', '2026-01-18 08:59:23'),
(403, NULL, '9b13049aaf75d68e5964b666b48ea43a', 'active', '2026-01-18 09:27:19', '2026-01-18 09:27:19'),
(404, NULL, '0acd9e87af2076f3ec69099f4b2bcb25', 'active', '2026-01-18 09:33:01', '2026-01-18 09:33:01'),
(405, NULL, '4c4bf8035425b4b2543bacb9afd6899e', 'active', '2026-01-18 09:48:02', '2026-01-18 09:48:02'),
(406, NULL, 'c9da2775826fd14bf454dd8d547066c6', 'active', '2026-01-18 10:52:26', '2026-01-18 10:52:26'),
(407, NULL, '97eb20697ff6cb122dbce3fa2e645555', 'active', '2026-01-18 11:17:47', '2026-01-18 11:17:47'),
(408, NULL, '0a25216f88d2ef35295ae628363004e8', 'active', '2026-01-18 12:14:56', '2026-01-18 12:14:56'),
(409, NULL, 'ccb99a4131a5c490c77faac21027ec4a', 'active', '2026-01-18 20:50:47', '2026-01-18 20:50:47'),
(410, NULL, '407ea83d173f996f7acc62fc618a550f', 'active', '2026-01-19 08:35:55', '2026-01-19 08:35:55'),
(411, NULL, 'b025c8e501d3e7217f6e56e90e5951ce', 'active', '2026-01-19 12:05:02', '2026-01-19 12:05:02'),
(412, NULL, '1d3b8d14e02c980d07154e41ef932201', 'active', '2026-01-19 12:40:35', '2026-01-19 12:40:35'),
(413, NULL, '5696581a0a9d6739e0824b2f586e2172', 'active', '2026-01-19 15:53:43', '2026-01-19 15:53:43'),
(414, NULL, 'c3a8a1750f4f4a4b3d33274815b28d68', 'active', '2026-01-19 15:53:43', '2026-01-19 15:53:43'),
(415, NULL, 'd1ad112d99649c927169bc8909b62ad5', 'active', '2026-01-19 16:23:13', '2026-01-19 16:23:13'),
(416, NULL, '4aace64ec1370873e8f752783f8edbb8', 'active', '2026-01-19 17:42:17', '2026-01-19 17:42:17'),
(417, NULL, '5183a7f73e68bc7b507f536f827e08ca', 'active', '2026-01-19 19:14:50', '2026-01-19 19:14:50'),
(418, NULL, 'df7b1de71f990ecf556f3b20449fce57', 'active', '2026-01-19 22:20:45', '2026-01-19 22:20:45'),
(419, NULL, 'a340281e2023e41adc011655a5ac75b2', 'active', '2026-01-20 01:25:00', '2026-01-20 01:25:00'),
(420, NULL, '960f297e9dbbb5df142b641b0bd100b3', 'active', '2026-01-20 02:14:26', '2026-01-20 02:14:26'),
(421, NULL, 'ed4347ee513b3850a08679d1d8204432', 'active', '2026-01-20 04:03:04', '2026-01-20 04:03:04'),
(422, NULL, '153cc1792c5beb64bb3f1ed943776c48', 'active', '2026-01-20 09:50:52', '2026-01-20 09:50:52'),
(423, NULL, 'fefcd02a178de4d18670990ef5163702', 'active', '2026-01-20 11:06:35', '2026-01-20 11:06:35'),
(424, NULL, 'c09b667172b4df213c57b6716d6dbf4e', 'active', '2026-01-20 11:06:41', '2026-01-20 11:06:41'),
(425, NULL, 'bd6a0c05ffb7e4ee0ef99e9b320efa41', 'active', '2026-01-20 14:30:28', '2026-01-20 14:30:28'),
(426, NULL, '037a7c76f2d2ba7d255313a6ef9f9ac4', 'active', '2026-01-20 20:13:57', '2026-01-20 20:13:57'),
(427, NULL, 'cd3075903a82883e6976cc506b805ac0', 'active', '2026-01-20 21:12:37', '2026-01-20 21:12:37'),
(428, NULL, '013c605c191f14a386342178ad4b1920', 'active', '2026-01-21 10:38:34', '2026-01-21 10:38:34'),
(429, NULL, '53df558f5f3a9803c28fd34d69973b35', 'active', '2026-01-21 11:52:41', '2026-01-21 11:52:41'),
(430, NULL, '3df457feb94061c62b5f86c119406456', 'active', '2026-01-21 12:04:32', '2026-01-21 12:04:32'),
(431, NULL, '34abb1cdbf9a868377ba9b108e0bb018', 'active', '2026-01-21 12:13:50', '2026-01-21 12:13:50'),
(432, NULL, '59db68030cea5e145c25b411b93b902b', 'active', '2026-01-21 22:22:12', '2026-01-21 22:22:12'),
(433, NULL, '21c2ad074e54ed448f2d0ec8a51725af', 'active', '2026-01-21 23:21:55', '2026-01-21 23:21:55'),
(434, NULL, '7f5779a318e35ca89ab7b487de8bcff1', 'active', '2026-01-22 05:09:15', '2026-01-22 05:09:15'),
(435, NULL, 'a78f0fb94bc801df9f5b575dd823d7da', 'active', '2026-01-22 07:56:27', '2026-01-22 07:56:27'),
(436, NULL, 'a711a15627f4f6f0f218cc0092ca6ff4', 'active', '2026-01-22 10:51:50', '2026-01-22 10:51:50'),
(437, NULL, '7c5aac6095f8b5fbfba3c3cd4037b6c3', 'active', '2026-01-22 12:43:13', '2026-01-22 12:43:13'),
(438, NULL, '573cf48b6bb564c05d26168819ade429', 'active', '2026-01-22 15:01:27', '2026-01-22 15:01:27'),
(439, NULL, '3236584d8de3d5415cfe9374babca442', 'active', '2026-01-22 18:35:34', '2026-01-22 18:35:34'),
(440, NULL, 'bd6af9879f22ad58887acb137230daf0', 'active', '2026-01-22 21:13:49', '2026-01-22 21:13:49'),
(441, NULL, '9e780fbd26365343d41ab0a453eb1853', 'active', '2026-01-22 21:40:50', '2026-01-22 21:40:50'),
(442, NULL, 'c5a2054be2f2c844dccfcd1b7ca8b5b4', 'active', '2026-01-23 02:59:47', '2026-01-23 02:59:47'),
(443, NULL, 'c023b12c75d015008fe957cd971b2f25', 'active', '2026-01-23 08:18:21', '2026-01-23 08:18:21'),
(444, NULL, 'db8ffb6584818ea0dac0c3a05699641f', 'active', '2026-01-23 10:39:50', '2026-01-23 10:39:50'),
(445, NULL, '0f7dd4de29aa32fc32ea104f459504e7', 'active', '2026-01-23 14:03:01', '2026-01-23 14:03:01'),
(446, NULL, '74aeba83c3cda4784c211ffb45cc7e15', 'active', '2026-01-23 14:47:57', '2026-01-23 14:47:57'),
(447, NULL, '24604338ac7eff7a1ae24b2918942a7a', 'active', '2026-01-23 15:36:30', '2026-01-23 15:36:30'),
(448, NULL, 'c9ec7ce245b49294c65295ad59b5cfa6', 'active', '2026-01-23 16:35:33', '2026-01-23 16:35:33'),
(449, NULL, '4d9df558eb3313527ec4b46cd2383217', 'active', '2026-01-23 17:18:36', '2026-01-23 17:18:36'),
(450, NULL, '4bf92811e46055aa4efcf5f3d5ec7888', 'active', '2026-01-23 17:18:42', '2026-01-23 17:18:42'),
(451, NULL, '84aa96abb0230a4ac40372dad2bbc1b7', 'active', '2026-01-23 17:26:54', '2026-01-23 17:26:54'),
(452, NULL, '845cdf143915a97556ea179e0cdd2cdd', 'active', '2026-01-23 18:04:39', '2026-01-23 18:04:39'),
(453, NULL, 'dd7690ef7a791f5be8d0b5d8144d20ba', 'active', '2026-01-23 19:05:10', '2026-01-23 19:05:10'),
(454, NULL, '2dd5d82610da8951f23744f01fe7ffb6', 'active', '2026-01-23 22:10:14', '2026-01-23 22:10:14'),
(455, NULL, 'f3afe233b444db0d71228ac902ca248e', 'active', '2026-01-23 22:24:36', '2026-01-23 22:24:36'),
(456, NULL, '9b84142709379a7b0377cb3f9c64d547', 'active', '2026-01-24 06:22:36', '2026-01-24 06:22:36'),
(457, NULL, '35f39d857c7eddefab7361e34b897c41', 'active', '2026-01-24 09:46:32', '2026-01-24 09:46:32'),
(458, NULL, 'dfbeabf48a6fb7b4add944d76ca4a821', 'active', '2026-01-24 17:02:31', '2026-01-24 17:02:31'),
(459, NULL, '8efa2443c22722858eda7a72c52d0037', 'active', '2026-01-24 19:14:00', '2026-01-24 19:14:00'),
(460, NULL, 'e6f52ef285dd14766b4da95f43f6ddff', 'active', '2026-01-24 22:05:18', '2026-01-24 22:05:18'),
(461, NULL, '28a4d30dcdc31b64f934635684ebbafa', 'active', '2026-01-25 02:51:22', '2026-01-25 02:51:22'),
(462, NULL, '4c9b8ff0229005e0105fb1785d11f5d1', 'active', '2026-01-25 08:05:00', '2026-01-25 08:05:00'),
(463, NULL, '29857f613b72ab9da275ee4a04925c6a', 'active', '2026-01-25 08:07:35', '2026-01-25 08:07:35'),
(464, NULL, '2908080cb85996e84059ba086f0a7756', 'active', '2026-01-25 09:55:44', '2026-01-25 09:55:44'),
(465, NULL, '17f762d1e681f60dd5c0df3a3d3f95d7', 'active', '2026-01-25 10:14:13', '2026-01-25 10:14:13');

-- --------------------------------------------------------

--
-- Table structure for table `cart_items`
--

CREATE TABLE `cart_items` (
  `id` int(11) NOT NULL,
  `session_id` varchar(255) COLLATE utf8mb4_unicode_ci NOT NULL,
  `user_id` int(11) DEFAULT NULL,
  `cart_id` int(11) NOT NULL,
  `product_id` int(11) NOT NULL,
  `variant_id` int(11) DEFAULT NULL,
  `quantity` int(11) DEFAULT '1',
  `is_removed` tinyint(1) NOT NULL DEFAULT '0',
  `removed_at` datetime DEFAULT NULL,
  `created_at` datetime NOT NULL DEFAULT CURRENT_TIMESTAMP,
  `updated_at` datetime NOT NULL DEFAULT CURRENT_TIMESTAMP ON UPDATE CURRENT_TIMESTAMP
) ENGINE=InnoDB DEFAULT CHARSET=utf8mb4 COLLATE=utf8mb4_unicode_ci;

--
-- Dumping data for table `cart_items`
--

INSERT INTO `cart_items` (`id`, `session_id`, `user_id`, `cart_id`, `product_id`, `variant_id`, `quantity`, `is_removed`, `removed_at`, `created_at`, `updated_at`) VALUES
(22, 'ibuoanfhi2btkhvoblrv3s842g', 3, 9, 14, 46, 1, 0, NULL, '2025-12-21 14:42:22', '2025-12-21 14:42:22'),
(23, 'ibuoanfhi2btkhvoblrv3s842g', 3, 9, 11, 34, 1, 0, NULL, '2025-12-21 14:56:29', '2025-12-21 14:56:55'),
(26, 'af2ba63ed689fda5aa11a4c729f26e93', NULL, 13, 12, 38, 1, 0, NULL, '2025-12-22 06:11:58', '2025-12-22 06:13:11'),
(27, 'af2ba63ed689fda5aa11a4c729f26e93', NULL, 19, 12, 38, 1, 0, NULL, '2025-12-22 06:29:50', '2025-12-22 06:29:50'),
(28, 'af2ba63ed689fda5aa11a4c729f26e93', NULL, 20, 15, 56, 1, 0, NULL, '2025-12-22 06:34:03', '2025-12-22 06:34:03'),
(29, 'af2ba63ed689fda5aa11a4c729f26e93', NULL, 21, 15, 56, 1, 0, NULL, '2025-12-22 06:37:17', '2025-12-22 06:37:17'),
(30, 'af2ba63ed689fda5aa11a4c729f26e93', NULL, 22, 16, 55, 1, 0, NULL, '2025-12-22 06:38:13', '2025-12-22 06:38:13'),
(31, 'af2ba63ed689fda5aa11a4c729f26e93', NULL, 23, 16, 55, 1, 0, NULL, '2025-12-22 06:40:08', '2025-12-22 06:40:08'),
(32, 'af2ba63ed689fda5aa11a4c729f26e93', NULL, 24, 16, 55, 1, 0, NULL, '2025-12-22 06:40:47', '2025-12-22 06:40:47'),
(33, 'af2ba63ed689fda5aa11a4c729f26e93', NULL, 25, 16, 55, 1, 0, NULL, '2025-12-22 06:42:12', '2025-12-22 06:42:12'),
(34, 'af2ba63ed689fda5aa11a4c729f26e93', NULL, 26, 16, 55, 1, 0, NULL, '2025-12-22 06:43:03', '2025-12-22 06:43:03'),
(36, 'af2ba63ed689fda5aa11a4c729f26e93', NULL, 27, 17, 54, 1, 1, '2025-12-22 08:26:34', '2025-12-22 08:26:22', '2025-12-22 08:26:34'),
(37, '18e0c1b55aec1da40fd05e246c7a2015', NULL, 28, 9, 24, 1, 0, NULL, '2025-12-22 15:09:57', '2025-12-22 15:09:57'),
(38, 'ca79e42e4cc8a131980150cf52693121', NULL, 29, 3, 14, 1, 0, NULL, '2025-12-23 03:34:51', '2025-12-23 03:34:51'),
(39, 'f36da90f6fa0b3d3f6673aa16f2511e4', NULL, 30, 19, 57, 1, 0, NULL, '2025-12-23 04:07:44', '2025-12-23 04:07:44'),
(40, '77d73610f229d278e787460e072e7ab9', NULL, 57, 2, 6, 1, 0, NULL, '2025-12-26 13:10:59', '2025-12-26 13:10:59'),
(41, 'e6ee5e0bba4d56bac9263c303d228fad', NULL, 62, 3, 13, 1, 0, NULL, '2025-12-26 13:26:07', '2025-12-26 13:26:07'),
(42, '500f8e1e0f85dfbb1cc5fa59e71397bd', NULL, 170, 15, 56, 1, 0, NULL, '2026-01-07 01:46:24', '2026-01-07 01:47:12'),
(43, '500f8e1e0f85dfbb1cc5fa59e71397bd', NULL, 172, 15, 56, 1, 0, NULL, '2026-01-07 01:48:54', '2026-01-07 01:48:54'),
(44, 'f347317a39360aa322dba91a7b40db0f', NULL, 182, 3, 13, 1, 0, NULL, '2026-01-08 01:17:22', '2026-01-08 01:17:22'),
(45, 'af2ba63ed689fda5aa11a4c729f26e93', NULL, 27, 20, 61, 1, 0, NULL, '2026-01-08 06:00:15', '2026-01-08 06:00:15'),
(46, 'af2ba63ed689fda5aa11a4c729f26e93', NULL, 184, 20, 62, 1, 0, NULL, '2026-01-08 06:06:57', '2026-01-08 06:06:57'),
(47, 'af2ba63ed689fda5aa11a4c729f26e93', NULL, 185, 20, 63, 1, 0, NULL, '2026-01-08 06:08:45', '2026-01-08 06:08:45'),
(48, 'af2ba63ed689fda5aa11a4c729f26e93', NULL, 186, 20, 64, 1, 0, NULL, '2026-01-08 06:11:37', '2026-01-08 06:11:37'),
(49, 'af2ba63ed689fda5aa11a4c729f26e93', NULL, 187, 19, 57, 1, 0, NULL, '2026-01-08 06:13:33', '2026-01-08 06:13:33'),
(50, 'af2ba63ed689fda5aa11a4c729f26e93', NULL, 188, 19, 57, 1, 0, NULL, '2026-01-08 06:15:28', '2026-01-08 06:15:28'),
(51, 'af2ba63ed689fda5aa11a4c729f26e93', NULL, 189, 19, 57, 1, 0, NULL, '2026-01-08 06:18:16', '2026-01-08 06:18:16'),
(52, 'e782c56c19f33586f1c70145624e3922', NULL, 222, 16, 55, 1, 0, NULL, '2026-01-11 03:02:13', '2026-01-11 03:02:13'),
(53, '898813267ab0b17afaee9dca4d893bed', NULL, 230, 18, 52, 2, 0, NULL, '2026-01-11 07:33:16', '2026-01-11 07:33:26'),
(54, 'b83797ec41baf467c5f3837a48e3334c', NULL, 279, 19, 58, 1, 0, NULL, '2026-01-12 06:05:18', '2026-01-12 06:05:18'),
(55, 'b83797ec41baf467c5f3837a48e3334c', NULL, 279, 18, 50, 1, 0, NULL, '2026-01-12 06:08:13', '2026-01-12 06:08:13'),
(56, 'e77d112f6acf3a459ae1151765cabaeb', NULL, 304, 2, 9, 1, 0, NULL, '2026-01-13 01:38:01', '2026-01-13 01:38:01'),
(57, 'e77d112f6acf3a459ae1151765cabaeb', NULL, 304, 5, 25, 1, 0, NULL, '2026-01-13 01:38:30', '2026-01-13 01:38:30'),
(58, 'e77d112f6acf3a459ae1151765cabaeb', NULL, 304, 16, 55, 1, 0, NULL, '2026-01-13 01:39:41', '2026-01-13 01:39:41'),
(59, '3aa5a06e476332ed67d19e8a947a2f89', NULL, 343, 16, 55, 1, 0, NULL, '2026-01-14 02:34:21', '2026-01-14 02:34:21'),
(60, 'af2ba63ed689fda5aa11a4c729f26e93', NULL, 360, 19, 57, 1, 0, NULL, '2026-01-15 00:17:27', '2026-01-15 00:17:27'),
(61, 'af2ba63ed689fda5aa11a4c729f26e93', NULL, 361, 15, 56, 1, 0, NULL, '2026-01-15 00:20:29', '2026-01-15 00:20:29'),
(62, 'af2ba63ed689fda5aa11a4c729f26e93', NULL, 361, 2, 6, 1, 0, NULL, '2026-01-15 00:20:52', '2026-01-15 00:20:52'),
(63, 'b022c938f9a3d373a09a96682cace9ec', NULL, 364, 16, 55, 1, 0, NULL, '2026-01-15 05:09:06', '2026-01-15 05:09:06'),
(64, 'b025c8e501d3e7217f6e56e90e5951ce', NULL, 411, 9, 24, 1, 0, NULL, '2026-01-19 05:05:22', '2026-01-19 05:05:22'),
(65, 'ed4347ee513b3850a08679d1d8204432', NULL, 421, 2, 9, 1, 0, NULL, '2026-01-19 21:05:00', '2026-01-19 21:05:00'),
(66, 'ed4347ee513b3850a08679d1d8204432', NULL, 421, 5, 25, 1, 0, NULL, '2026-01-19 21:05:42', '2026-01-19 21:05:42'),
(67, 'ed4347ee513b3850a08679d1d8204432', NULL, 421, 12, 38, 1, 0, NULL, '2026-01-19 21:06:51', '2026-01-19 21:06:51'),
(68, 'ed4347ee513b3850a08679d1d8204432', NULL, 421, 18, 50, 1, 0, NULL, '2026-01-19 21:08:01', '2026-01-19 21:08:01');

-- --------------------------------------------------------

--
-- Table structure for table `categories`
--

CREATE TABLE `categories` (
  `id` int(11) NOT NULL,
  `name` varchar(100) COLLATE utf8mb4_unicode_ci NOT NULL,
  `image` varchar(255) COLLATE utf8mb4_unicode_ci DEFAULT NULL,
  `slug` varchar(100) COLLATE utf8mb4_unicode_ci DEFAULT NULL,
  `created_at` timestamp NULL DEFAULT CURRENT_TIMESTAMP,
  `gender` enum('Men','Women','Unisex','Accessories') COLLATE utf8mb4_unicode_ci NOT NULL
) ENGINE=InnoDB DEFAULT CHARSET=utf8mb4 COLLATE=utf8mb4_unicode_ci;

--
-- Dumping data for table `categories`
--

INSERT INTO `categories` (`id`, `name`, `image`, `slug`, `created_at`, `gender`) VALUES
(1, 'Tops', 'uploads/categories/cat_1.jpg', '-ops', '2025-09-23 10:39:16', 'Women'),
(2, 'Jacket', 'uploads/categories/cat_2.jpg', '-acket', '2025-09-23 10:39:16', 'Women'),
(3, 'Hoodie', 'uploads/categories/cat_3.png', '-oodie', '2025-09-23 10:39:16', 'Men'),
(4, 'Vest', 'uploads/categories/cat_6937f97a5d3ed.png', '-est', '2025-12-09 10:27:06', 'Men'),
(5, 'T-Shirt', 'uploads/categories/cat_6937f9b29d44b.png', '-hirt', '2025-12-09 10:28:02', 'Men'),
(6, 'Shorts', 'uploads/categories/cat_6937fa0486a39.png', '-horts', '2025-12-09 10:29:24', 'Men'),
(10, 'T-Shirt W', 'uploads/categories/cat_693956ee77579.png', '-hirt-', '2025-12-10 11:18:06', 'Women'),
(13, 'BRA', 'uploads/categories/cat_13.jpg', '-', '2025-12-10 11:37:00', 'Women'),
(14, 'Jumpsuit', 'uploads/categories/cat_693fc669b9f57.jpg', '-umpsuit', '2025-12-15 08:27:21', 'Women'),
(15, 'Legging', 'uploads/categories/cat_693fc7016794a.jpg', '-egging', '2025-12-15 08:29:53', 'Women'),
(16, 'Socks', 'uploads/categories/cat_16.png', '-ocks', '2025-12-15 08:32:28', 'Accessories'),
(17, 'Caps', 'uploads/categories/cat_693fc7b623883.png', '-aps', '2025-12-15 08:32:54', 'Accessories'),
(18, 'Bottle', 'uploads/categories/cat_693fc7d502475.png', '-ottle', '2025-12-15 08:33:25', 'Accessories');

-- --------------------------------------------------------

--
-- Table structure for table `colors`
--

CREATE TABLE `colors` (
  `id` int(11) NOT NULL,
  `name` varchar(50) COLLATE utf8mb4_unicode_ci NOT NULL,
  `hex_code` varchar(7) COLLATE utf8mb4_unicode_ci DEFAULT NULL
) ENGINE=InnoDB DEFAULT CHARSET=utf8mb4 COLLATE=utf8mb4_unicode_ci;

--
-- Dumping data for table `colors`
--

INSERT INTO `colors` (`id`, `name`, `hex_code`) VALUES
(1, 'Black', '#000000'),
(2, 'White', '#FFFFFF');

-- --------------------------------------------------------

--
-- Table structure for table `guest_sessions`
--

CREATE TABLE `guest_sessions` (
  `id` int(11) NOT NULL,
  `session_id` varchar(100) COLLATE utf8mb4_unicode_ci NOT NULL,
  `created_at` timestamp NULL DEFAULT CURRENT_TIMESTAMP
) ENGINE=InnoDB DEFAULT CHARSET=utf8mb4 COLLATE=utf8mb4_unicode_ci;

-- --------------------------------------------------------

--
-- Table structure for table `orders`
--

CREATE TABLE `orders` (
  `id` int(11) NOT NULL,
  `customer_id` int(11) DEFAULT NULL,
  `session_id` varchar(255) COLLATE utf8mb4_unicode_ci DEFAULT NULL,
  `full_name` varchar(150) COLLATE utf8mb4_unicode_ci NOT NULL,
  `email` varchar(150) COLLATE utf8mb4_unicode_ci NOT NULL,
  `phone` varchar(30) COLLATE utf8mb4_unicode_ci NOT NULL,
  `shipping_address` text COLLATE utf8mb4_unicode_ci,
  `city` varchar(100) COLLATE utf8mb4_unicode_ci DEFAULT NULL,
  `country` varchar(100) COLLATE utf8mb4_unicode_ci DEFAULT 'Qatar',
  `postal_code` varchar(20) COLLATE utf8mb4_unicode_ci DEFAULT NULL,
  `subtotal` decimal(10,2) NOT NULL,
  `tax` decimal(10,2) DEFAULT '0.00',
  `discount` decimal(10,2) DEFAULT '0.00',
  `shipping_fee` decimal(10,2) DEFAULT '0.00',
  `total` decimal(10,2) NOT NULL,
  `payment_method` varchar(50) COLLATE utf8mb4_unicode_ci DEFAULT 'MyFatoorah',
  `payment_status` enum('pending','paid','failed','refunded') COLLATE utf8mb4_unicode_ci DEFAULT 'pending',
  `transaction_id` varchar(255) COLLATE utf8mb4_unicode_ci DEFAULT NULL,
  `payment_reference` varchar(255) COLLATE utf8mb4_unicode_ci DEFAULT NULL,
  `order_status` enum('pending','processing','shipped','delivered','cancelled','refunded') COLLATE utf8mb4_unicode_ci DEFAULT 'pending',
  `notes` text COLLATE utf8mb4_unicode_ci,
  `ip_address` varchar(45) COLLATE utf8mb4_unicode_ci DEFAULT NULL,
  `user_agent` text COLLATE utf8mb4_unicode_ci,
  `created_at` datetime DEFAULT CURRENT_TIMESTAMP,
  `updated_at` datetime DEFAULT CURRENT_TIMESTAMP ON UPDATE CURRENT_TIMESTAMP
) ENGINE=InnoDB DEFAULT CHARSET=utf8mb4 COLLATE=utf8mb4_unicode_ci;

--
-- Dumping data for table `orders`
--

INSERT INTO `orders` (`id`, `customer_id`, `session_id`, `full_name`, `email`, `phone`, `shipping_address`, `city`, `country`, `postal_code`, `subtotal`, `tax`, `discount`, `shipping_fee`, `total`, `payment_method`, `payment_status`, `transaction_id`, `payment_reference`, `order_status`, `notes`, `ip_address`, `user_agent`, `created_at`, `updated_at`) VALUES
(2, NULL, 'ibuoanfhi2btkhvoblrv3s842g', 'Shirts', 'admin@admin.com', '+97412345678', 'asd', 'doha', 'Qatar', NULL, 20.00, 0.00, 0.00, 0.00, 20.00, 'MyFatoorah', 'pending', NULL, NULL, 'pending', NULL, NULL, NULL, '2025-10-20 11:18:10', '2025-10-20 11:18:10'),
(10, NULL, 'af2ba63ed689fda5aa11a4c729f26e93', 'Pocket Legging', 'hussain@tabrah-holding.com', '+97412345678', 'doha', 'doha', 'Qatar', NULL, 225.00, 0.00, 0.00, 0.00, 225.00, 'MyFatoorah', 'pending', NULL, NULL, 'pending', NULL, NULL, NULL, '2025-12-22 06:28:52', '2025-12-22 06:28:52'),
(11, NULL, 'af2ba63ed689fda5aa11a4c729f26e93', 'Pocket Legging', 'hussain@tabrah-holding.com', '+97412345678', 'asd', 'doha', 'Qatar', NULL, 225.00, 0.00, 0.00, 0.00, 225.00, 'MyFatoorah', 'pending', NULL, NULL, 'pending', NULL, NULL, NULL, '2025-12-22 06:30:05', '2025-12-22 06:30:05'),
(12, NULL, 'af2ba63ed689fda5aa11a4c729f26e93', 'Caps', 'hussain@tabrah-holding.com', '+97412345678', 'asd', 'doha', 'Qatar', NULL, 195.00, 0.00, 0.00, 0.00, 195.00, 'MyFatoorah', 'pending', NULL, NULL, 'pending', NULL, NULL, NULL, '2025-12-22 06:34:17', '2025-12-22 06:34:17'),
(13, NULL, 'af2ba63ed689fda5aa11a4c729f26e93', 'Caps', 'hussain@tabrah-holding.com', '+97412345678', 'asd', 'doha', 'Qatar', NULL, 195.00, 0.00, 0.00, 0.00, 195.00, 'MyFatoorah', 'pending', NULL, NULL, 'pending', NULL, NULL, NULL, '2025-12-22 06:37:33', '2025-12-22 06:37:33'),
(14, NULL, 'af2ba63ed689fda5aa11a4c729f26e93', 'Socks', 'hussain@tabrah-holding.com', '+97412345678', 'asd', 'doha', 'Qatar', NULL, 80.00, 0.00, 0.00, 0.00, 80.00, 'MyFatoorah', 'pending', NULL, NULL, 'pending', NULL, NULL, NULL, '2025-12-22 06:38:28', '2025-12-22 06:38:28'),
(15, NULL, 'af2ba63ed689fda5aa11a4c729f26e93', 'Socks', 'hussain@tabrah-holding.com', '+97412345678', 'sdas', 'doha', 'Qatar', NULL, 80.00, 0.00, 0.00, 0.00, 80.00, 'MyFatoorah', 'pending', NULL, NULL, 'pending', NULL, NULL, NULL, '2025-12-22 06:40:24', '2025-12-22 06:40:24'),
(16, NULL, 'af2ba63ed689fda5aa11a4c729f26e93', 'Socks', 'hussain@tabrah-holding.com', '+97412345678', 'asd', 'doha', 'Qatar', NULL, 80.00, 0.00, 0.00, 0.00, 80.00, 'MyFatoorah', 'pending', NULL, NULL, 'pending', NULL, NULL, NULL, '2025-12-22 06:41:01', '2025-12-22 06:41:01'),
(17, NULL, 'af2ba63ed689fda5aa11a4c729f26e93', 'Socks', 'hussain@tabrah-holding.com', '+97412345678', 'asd', 'doha', 'Qatar', NULL, 80.00, 0.00, 0.00, 0.00, 80.00, 'MyFatoorah', 'pending', NULL, NULL, 'pending', NULL, NULL, NULL, '2025-12-22 06:42:24', '2025-12-22 06:42:24'),
(18, NULL, 'af2ba63ed689fda5aa11a4c729f26e93', 'Socks', 'hussain@tabrah-holding.com', '97412345678', 'asd', 'doha', 'Qatar', NULL, 80.00, 0.00, 0.00, 0.00, 80.00, 'MyFatoorah', 'paid', '07076509921623490172', NULL, 'pending', NULL, NULL, NULL, '2025-12-22 06:43:51', '2025-12-22 07:21:35'),
(19, NULL, '500f8e1e0f85dfbb1cc5fa59e71397bd', 'Caps', 'mais.alhajri3@gmail.com', '55935338', 'Oq\r\nDoha\r\nAltrfah', 'doha', 'Qatar', NULL, 195.00, 0.00, 0.00, 0.00, 195.00, 'MyFatoorah', 'pending', NULL, NULL, 'pending', NULL, NULL, NULL, '2026-01-07 01:48:03', '2026-01-07 01:48:03'),
(20, NULL, '500f8e1e0f85dfbb1cc5fa59e71397bd', 'Caps', 'mais.alhajri3@gmail', '55935338', 'Doha\r\nAthletes Gym \r\nLusil', 'doha', 'Qatar', NULL, 195.00, 0.00, 0.00, 0.00, 195.00, 'MyFatoorah', 'pending', NULL, NULL, 'pending', NULL, NULL, NULL, '2026-01-07 01:51:03', '2026-01-07 01:51:03'),
(21, NULL, 'af2ba63ed689fda5aa11a4c729f26e93', 'Crop Top', 'hussain@tabrah-holding.com', '+97412345678', 'Doha', 'doha', 'Qatar', NULL, 250.00, 0.00, 0.00, 0.00, 250.00, 'MyFatoorah', 'pending', NULL, NULL, 'pending', NULL, NULL, NULL, '2026-01-08 06:00:48', '2026-01-08 06:00:48'),
(22, NULL, 'af2ba63ed689fda5aa11a4c729f26e93', 'Crop Top', 'hussain@tabrah-holding.com', '+97412345678', 'Doha', 'doha', 'Qatar', NULL, 250.00, 0.00, 0.00, 0.00, 250.00, 'MyFatoorah', 'pending', NULL, NULL, 'pending', NULL, NULL, NULL, '2026-01-08 06:07:22', '2026-01-08 06:07:22'),
(23, NULL, 'af2ba63ed689fda5aa11a4c729f26e93', 'Crop Top', 'hussain@tabrah-holding.com', '+97412345678', 'doha', 'doha', 'Qatar', NULL, 250.00, 0.00, 0.00, 0.00, 250.00, 'MyFatoorah', 'pending', NULL, NULL, 'pending', NULL, NULL, NULL, '2026-01-08 06:09:01', '2026-01-08 06:09:01'),
(24, NULL, 'af2ba63ed689fda5aa11a4c729f26e93', 'Crop Top', 'hussain@tabrah-holding.com', '+97412345678', 'Doha', 'doha', 'Qatar', NULL, 250.00, 0.00, 0.00, 0.00, 250.00, 'MyFatoorah', 'pending', NULL, NULL, 'pending', NULL, NULL, NULL, '2026-01-08 06:11:52', '2026-01-08 06:11:52'),
(25, NULL, 'af2ba63ed689fda5aa11a4c729f26e93', 'Regular Fit T-Shirt', 'hussain@tabrah-holding.com', '+97412345678', 'doha', 'doha', 'Qatar', NULL, 168.00, 0.00, 0.00, 0.00, 168.00, 'MyFatoorah', 'pending', NULL, NULL, 'pending', NULL, NULL, NULL, '2026-01-08 06:13:45', '2026-01-08 06:13:45'),
(26, NULL, 'af2ba63ed689fda5aa11a4c729f26e93', 'Regular Fit T-Shirt', 'hussain@tabrah-holding.com', '+97412345678', 'Doah', 'doha', 'Qatar', NULL, 168.00, 0.00, 0.00, 0.00, 168.00, 'MyFatoorah', 'pending', NULL, NULL, 'pending', NULL, NULL, NULL, '2026-01-08 06:15:48', '2026-01-08 06:15:48'),
(27, NULL, 'af2ba63ed689fda5aa11a4c729f26e93', 'Regular Fit T-Shirt', 'hussain@tabrah-holding.com', '12345678', 'Doah', 'doha', 'Qatar', NULL, 168.00, 0.00, 0.00, 0.00, 168.00, 'MyFatoorah', 'pending', NULL, NULL, 'pending', NULL, NULL, NULL, '2026-01-08 06:58:02', '2026-01-08 06:58:02'),
(28, NULL, 'e782c56c19f33586f1c70145624e3922', 'Socks', 'test@test.com', '77777777', 'Doha', 'doha', 'Qatar', NULL, 80.00, 0.00, 0.00, 0.00, 80.00, 'MyFatoorah', 'pending', NULL, NULL, 'cancelled', NULL, NULL, NULL, '2026-01-11 03:03:48', '2026-01-14 01:56:11'),
(29, NULL, 'b83797ec41baf467c5f3837a48e3334c', 'Legging Front Logo', 'hsnazwad50@gmail.com', '0507470659', 'Al Ain City, Al Watah District, Al Mahabej Street, Villa 21', 'doha', 'Qatar', NULL, 393.00, 0.00, 0.00, 0.00, 393.00, 'MyFatoorah', 'paid', '07076692881639207874', NULL, 'pending', NULL, NULL, NULL, '2026-01-12 06:20:25', '2026-01-12 06:25:56'),
(30, NULL, 'af2ba63ed689fda5aa11a4c729f26e93', 'Regular Fit T-Shirt', 'admin@admin.com', '12312312', 'Doha', 'doha', 'Qatar', NULL, 168.00, 0.00, 0.00, 0.00, 168.00, 'MyFatoorah', 'pending', NULL, NULL, 'pending', NULL, NULL, NULL, '2026-01-15 00:18:11', '2026-01-15 00:18:11'),
(31, NULL, 'af2ba63ed689fda5aa11a4c729f26e93', 'Hussain', 'admin@admin.com', '12312312', 'Doha', 'doha', 'Qatar', NULL, 470.00, 0.00, 0.00, 0.00, 470.00, 'MyFatoorah', 'pending', NULL, NULL, 'pending', NULL, NULL, NULL, '2026-01-15 00:21:25', '2026-01-15 00:21:25');

-- --------------------------------------------------------

--
-- Table structure for table `order_items`
--

CREATE TABLE `order_items` (
  `id` int(11) NOT NULL,
  `order_id` int(11) NOT NULL,
  `product_id` int(11) NOT NULL,
  `variant_id` int(11) DEFAULT NULL,
  `product_name` varchar(255) COLLATE utf8mb4_unicode_ci NOT NULL,
  `color` varchar(50) COLLATE utf8mb4_unicode_ci DEFAULT NULL,
  `size` varchar(50) COLLATE utf8mb4_unicode_ci DEFAULT NULL,
  `quantity` int(11) NOT NULL,
  `price` decimal(10,2) NOT NULL,
  `total` decimal(10,2) NOT NULL
) ENGINE=InnoDB DEFAULT CHARSET=utf8mb4 COLLATE=utf8mb4_unicode_ci;

--
-- Dumping data for table `order_items`
--

INSERT INTO `order_items` (`id`, `order_id`, `product_id`, `variant_id`, `product_name`, `color`, `size`, `quantity`, `price`, `total`) VALUES
(1, 2, 1, 1, 'Shirts', 'Black', 'L', 1, 10.00, 10.00),
(2, 2, 1, 4, 'Shirts', 'Black', 'S', 1, 10.00, 10.00),
(10, 10, 12, 38, 'Pocket Legging', 'Black', 'L', 1, 225.00, 225.00),
(11, 11, 12, 38, 'Pocket Legging', 'Black', 'L', 1, 225.00, 225.00),
(12, 12, 15, 56, 'Caps', 'Black', 'Regular', 1, 195.00, 195.00),
(13, 13, 15, 56, 'Caps', 'Black', 'Regular', 1, 195.00, 195.00),
(14, 14, 16, 55, 'Socks', 'White', 'Regular', 1, 80.00, 80.00),
(15, 15, 16, 55, 'Socks', 'White', 'Regular', 1, 80.00, 80.00),
(16, 16, 16, 55, 'Socks', 'White', 'Regular', 1, 80.00, 80.00),
(17, 17, 16, 55, 'Socks', 'White', 'Regular', 1, 80.00, 80.00),
(18, 18, 16, 55, 'Socks', 'White', 'Regular', 1, 80.00, 80.00),
(19, 19, 15, 56, 'Caps', 'Black', 'Regular', 1, 195.00, 195.00),
(20, 20, 15, 56, 'Caps', 'Black', 'Regular', 1, 195.00, 195.00),
(21, 21, 20, 61, 'Crop Top', 'Black', 'L', 1, 250.00, 250.00),
(22, 22, 20, 62, 'Crop Top', 'Black', 'M', 1, 250.00, 250.00),
(23, 23, 20, 63, 'Crop Top', 'Black', 'S', 1, 250.00, 250.00),
(24, 24, 20, 64, 'Crop Top', 'Black', 'XL', 1, 250.00, 250.00),
(25, 25, 19, 57, 'Regular Fit T-Shirt', 'Black', 'L', 1, 168.00, 168.00),
(26, 26, 19, 57, 'Regular Fit T-Shirt', 'Black', 'L', 1, 168.00, 168.00),
(27, 27, 19, 57, 'Regular Fit T-Shirt', 'Black', 'L', 1, 168.00, 168.00),
(28, 28, 16, 55, 'Socks', 'White', 'Regular', 1, 80.00, 80.00),
(29, 29, 19, 58, 'Regular Fit T-Shirt', 'Black', 'M', 1, 168.00, 168.00),
(30, 29, 18, 50, 'Legging Front Logo', 'Black', 'L', 1, 225.00, 225.00),
(31, 30, 19, 57, 'Regular Fit T-Shirt', 'Black', 'L', 1, 168.00, 168.00),
(32, 31, 15, 56, 'Caps', 'Black', 'Regular', 1, 195.00, 195.00),
(33, 31, 2, 6, 'Hoodie', 'Black', 'L', 1, 275.00, 275.00);

-- --------------------------------------------------------

--
-- Table structure for table `payments`
--

CREATE TABLE `payments` (
  `id` int(11) NOT NULL,
  `order_id` int(11) NOT NULL,
  `gateway` varchar(100) COLLATE utf8mb4_unicode_ci DEFAULT 'MyFatoorah',
  `amount` decimal(10,2) NOT NULL,
  `currency` varchar(10) COLLATE utf8mb4_unicode_ci DEFAULT 'QAR',
  `transaction_id` varchar(255) COLLATE utf8mb4_unicode_ci DEFAULT NULL,
  `status` enum('pending','success','failed','refunded') COLLATE utf8mb4_unicode_ci DEFAULT 'pending',
  `response_json` text COLLATE utf8mb4_unicode_ci,
  `created_at` datetime DEFAULT CURRENT_TIMESTAMP
) ENGINE=InnoDB DEFAULT CHARSET=utf8mb4 COLLATE=utf8mb4_unicode_ci;

-- --------------------------------------------------------

--
-- Table structure for table `products`
--

CREATE TABLE `products` (
  `id` int(11) NOT NULL,
  `name` varchar(100) COLLATE utf8mb4_unicode_ci NOT NULL,
  `description` text COLLATE utf8mb4_unicode_ci,
  `category_id` int(11) DEFAULT NULL,
  `category` varchar(100) COLLATE utf8mb4_unicode_ci DEFAULT NULL,
  `gender` enum('male','female','unisex','Accessories') COLLATE utf8mb4_unicode_ci NOT NULL,
  `price` decimal(10,2) NOT NULL DEFAULT '0.00',
  `active` varchar(10) COLLATE utf8mb4_unicode_ci NOT NULL,
  `created_at` timestamp NULL DEFAULT CURRENT_TIMESTAMP
) ENGINE=InnoDB DEFAULT CHARSET=utf8mb4 COLLATE=utf8mb4_unicode_ci;

--
-- Dumping data for table `products`
--

INSERT INTO `products` (`id`, `name`, `description`, `category_id`, `category`, `gender`, `price`, `active`, `created_at`) VALUES
(1, 'Jacket', '', 2, NULL, 'Accessories', 280.00, '1', '2025-09-07 10:10:18'),
(2, 'Hoodie', '', 3, NULL, 'Accessories', 390.00, '1', '2025-12-09 11:47:47'),
(3, 'Shorts', '', 6, NULL, 'Accessories', 199.00, '1', '2025-12-10 10:52:51'),
(4, 'Vest', '', 4, NULL, 'male', 160.00, '1', '2025-12-10 11:13:36'),
(5, 'Oversized T-Shirt', 'Oversized T-Shirt', 5, NULL, 'male', 216.00, '1', '2025-12-10 11:16:25'),
(6, 'Oversized T-Shirt', 'Oversized T-Shirt', 5, NULL, 'male', 216.00, '0', '2025-12-10 11:16:56'),
(9, 'Everyday Seamless Sports Bra', '', 13, NULL, 'female', 165.00, '1', '2025-12-10 12:40:25'),
(10, 'Tank Top', 'Tank Top', 1, NULL, 'female', 250.00, '1', '2025-12-15 08:23:27'),
(11, 'Jumpsuit', '', 14, NULL, 'Accessories', 350.00, '1', '2025-12-15 08:27:48'),
(12, 'Pocket Legging', '', 15, NULL, 'Accessories', 225.00, '1', '2025-12-15 08:34:02'),
(13, 'Flarred Legging', '', 15, NULL, 'Accessories', 299.00, '1', '2025-12-15 08:34:26'),
(14, 'Legging Back Logo', '', 15, NULL, 'Accessories', 225.00, '1', '2025-12-15 08:34:43'),
(15, 'Caps', '', 17, NULL, 'Accessories', 195.00, '1', '2025-12-15 08:35:05'),
(16, 'Socks', 'Crew Socks', 16, NULL, 'Accessories', 80.00, '1', '2025-12-15 08:35:30'),
(17, 'Bottle', '', 18, NULL, 'Accessories', 110.00, '1', '2025-12-15 08:35:43'),
(18, 'Legging Front Logo', '', 15, NULL, 'Accessories', 225.00, '1', '2025-12-15 09:00:12'),
(19, 'Regular Fit T-Shirt', '', 10, NULL, 'Accessories', 170.00, '1', '2025-12-15 11:18:30'),
(20, 'Crop Top', '', 1, NULL, 'female', 168.00, '1', '2025-12-16 08:35:34');

-- --------------------------------------------------------

--
-- Table structure for table `product_images`
--

CREATE TABLE `product_images` (
  `id` int(11) NOT NULL,
  `product_id` int(11) NOT NULL,
  `image_path` varchar(255) COLLATE utf8mb4_unicode_ci NOT NULL,
  `alt_text` varchar(255) COLLATE utf8mb4_unicode_ci DEFAULT NULL
) ENGINE=InnoDB DEFAULT CHARSET=utf8mb4 COLLATE=utf8mb4_unicode_ci;

--
-- Dumping data for table `product_images`
--

INSERT INTO `product_images` (`id`, `product_id`, `image_path`, `alt_text`) VALUES
(9, 2, 'img_69380c7c188800.67083986.png', ''),
(10, 2, 'img_69380c80a08ac8.10773110.png', ''),
(11, 2, 'img_69380c84b05879.77376559.png', ''),
(12, 2, 'img_69380c8b3dbde3.01034159.png', ''),
(13, 2, 'img_69380c904dc763.91445609.png', ''),
(15, 3, 'img_6939514f0893b3.86341302.png', ''),
(16, 3, 'img_69395152d7ef93.27601270.png', ''),
(17, 3, 'img_6939515677bec1.65831871.png', ''),
(18, 3, 'img_6939515984c4b8.48813524.png', ''),
(19, 3, 'img_6939515d3d6c34.63401977.png', ''),
(20, 4, 'img_693955f3486960.63198753.png', ''),
(21, 4, 'img_693955f7774cd4.69574969.png', ''),
(22, 4, 'img_693955fad6bef9.19609056.png', ''),
(23, 4, 'img_693955fe4065f9.72994298.png', ''),
(24, 4, 'img_693956026595f6.73956205.png', ''),
(25, 9, 'img_69396a8edb78f3.82071688.jpg', ''),
(26, 5, 'img_693fc894f05fb5.50191048.png', ''),
(27, 5, 'img_693fc8996b6630.67362102.png', ''),
(28, 5, 'img_693fc89ccaae09.77755217.png', ''),
(29, 5, 'img_693fc89ff17aa2.11002054.png', ''),
(30, 5, 'img_693fc8a3540b61.06706050.png', ''),
(31, 10, 'img_693fc9b7e17168.02789157.jpg', ''),
(32, 10, 'img_693fca4a04fae0.63905215.jpg', ''),
(33, 10, 'img_693fca50c987d2.08893408.jpg', ''),
(34, 10, 'img_693fca54d4a9e2.76169888.jpg', ''),
(35, 11, 'img_693fcb65728b61.63542686.jpg', ''),
(36, 11, 'img_693fcb68d54571.22546546.jpg', ''),
(37, 11, 'img_693fcb6cb6a374.80873741.jpg', ''),
(38, 11, 'img_693fcb6fceb001.58140734.jpg', ''),
(39, 12, 'img_693fcd0a67a065.35440055.jpg', ''),
(40, 13, 'img_693fcd854e4459.94610834.jpg', ''),
(41, 14, 'img_693fcee3b22833.40314242.jpg', ''),
(42, 14, 'img_693fcee7a973e3.64492551.jpg', ''),
(43, 14, 'img_693fceeb136739.83323975.jpg', ''),
(44, 14, 'img_693fceee80e639.49653864.jpg', ''),
(45, 14, 'img_693fcef628c977.79833914.jpg', ''),
(46, 18, 'img_693fcf6c3dcf91.10403614.jpg', ''),
(47, 15, 'img_693fcfad3563e6.79433580.png', ''),
(48, 15, 'img_693fcfb0a833c3.03561868.png', ''),
(49, 15, 'img_693fcfb3e71ef8.93833110.png', ''),
(50, 15, 'img_693fcfb7cef235.39933748.png', ''),
(51, 15, 'img_693fcfbae3f636.60312595.png', ''),
(52, 16, 'img_693fcfdb9255c1.74692201.png', ''),
(53, 16, 'img_693fcfe09d00b9.29385453.png', ''),
(54, 16, 'img_693fcfe37ebd76.54182043.png', ''),
(55, 17, 'img_693fd001d450b5.02922712.png', ''),
(56, 17, 'img_693fd00524dbd4.82746480.png', ''),
(57, 17, 'img_693fd00861cc35.40692960.png', ''),
(58, 17, 'img_693fd00c73c9a7.18517158.png', ''),
(59, 19, 'img_693fee99220a06.67693663.png', ''),
(60, 19, 'img_693fee9ce16439.64013071.png', ''),
(61, 19, 'img_693feea04cc613.67992182.png', ''),
(62, 20, 'img_694119f2d9ca64.85065564.png', ''),
(63, 20, 'img_694119f6a5a3b5.19123050.png', ''),
(64, 20, 'img_694119faa41997.11423418.png', ''),
(65, 20, 'img_694119fecb83f6.35294056.png', ''),
(66, 20, 'img_69411a02463f68.18329217.png', ''),
(67, 1, 'img_69479e20ed7b90.03744183.jpg', '');

-- --------------------------------------------------------

--
-- Table structure for table `product_reviews`
--

CREATE TABLE `product_reviews` (
  `id` int(11) NOT NULL,
  `product_id` int(11) NOT NULL,
  `user_id` int(11) DEFAULT NULL,
  `order_id` int(11) DEFAULT NULL,
  `rating` tinyint(4) NOT NULL,
  `review_text` text COLLATE utf8mb4_unicode_ci,
  `is_verified` tinyint(1) DEFAULT '0',
  `status` enum('pending','approved','rejected') COLLATE utf8mb4_unicode_ci DEFAULT 'pending',
  `created_at` datetime DEFAULT CURRENT_TIMESTAMP,
  `updated_at` datetime DEFAULT CURRENT_TIMESTAMP ON UPDATE CURRENT_TIMESTAMP
) ENGINE=InnoDB DEFAULT CHARSET=utf8mb4 COLLATE=utf8mb4_unicode_ci;

--
-- Dumping data for table `product_reviews`
--

INSERT INTO `product_reviews` (`id`, `product_id`, `user_id`, `order_id`, `rating`, `review_text`, `is_verified`, `status`, `created_at`, `updated_at`) VALUES
(1, 1, 2, NULL, 1, 'demo', 0, 'rejected', '2025-10-21 11:28:23', '2025-10-21 11:52:55');

-- --------------------------------------------------------

--
-- Table structure for table `product_variants`
--

CREATE TABLE `product_variants` (
  `id` int(11) NOT NULL,
  `product_id` int(11) NOT NULL,
  `size_id` int(11) DEFAULT NULL,
  `color_id` int(11) DEFAULT NULL,
  `sku` varchar(50) COLLATE utf8mb4_unicode_ci DEFAULT NULL,
  `stock` int(11) DEFAULT '0',
  `price` decimal(10,2) DEFAULT NULL
) ENGINE=InnoDB DEFAULT CHARSET=utf8mb4 COLLATE=utf8mb4_unicode_ci;

--
-- Dumping data for table `product_variants`
--

INSERT INTO `product_variants` (`id`, `product_id`, `size_id`, `color_id`, `sku`, `stock`, `price`) VALUES
(1, 1, 3, 1, 'Shirt', 5, 280.00),
(3, 1, 4, 1, 'Shirt', 5, 280.00),
(4, 1, 1, 1, 'Shirt', 3, 280.00),
(5, 1, 2, 1, 'Shirt', 7, 280.00),
(6, 2, 3, 1, '', 11, 390.00),
(7, 2, 2, 1, '', 0, 390.00),
(9, 2, 4, 1, '', 9, 390.00),
(10, 2, 5, 1, '', 3, 390.00),
(11, 3, 5, 1, '', 4, 199.00),
(12, 3, 4, 1, '', 5, 199.00),
(13, 3, 3, 1, '', 1, 199.00),
(14, 3, 2, 1, '', 7, 199.00),
(15, 3, 1, 1, '', 10, 199.00),
(16, 4, 5, 1, '', 4, 160.00),
(17, 4, 4, 1, '', 4, 160.00),
(18, 4, 3, 1, '', 0, 160.00),
(19, 4, 2, 1, '', 7, 160.00),
(20, 4, 1, 1, '', 8, 160.00),
(21, 9, 3, 1, '', 10, 165.00),
(22, 9, 4, 1, '', 10, 165.00),
(23, 9, 2, 1, '', 8, 165.00),
(24, 9, 1, 1, '', 10, 165.00),
(25, 5, 3, 1, '', 7, 216.00),
(26, 5, 4, 1, '', 2, 216.00),
(27, 5, 5, 1, '', 3, 216.00),
(28, 5, 2, 1, '', 6, 216.00),
(29, 5, 1, 1, '', 9, 216.00),
(30, 10, 3, 1, '', 5, 250.00),
(31, 10, 2, 1, '', 6, 250.00),
(32, 10, 4, 1, '', 5, 250.00),
(33, 10, 1, 1, '', 3, 250.00),
(34, 11, 2, 1, '', 17, 350.00),
(37, 11, 1, 1, '', 14, 350.00),
(38, 12, 3, 1, '', 4, 225.00),
(39, 12, 2, 1, '', 7, 225.00),
(40, 12, 1, 1, '', 5, 225.00),
(41, 12, 4, 1, '', 5, 225.00),
(42, 13, 3, 1, '', 5, 299.00),
(43, 13, 2, 1, '', 6, 299.00),
(44, 13, 4, 1, '', 5, 299.00),
(45, 13, 1, 1, '', 2, 299.00),
(46, 14, 3, 1, '', 5, 225.00),
(47, 14, 2, 1, '', 6, 225.00),
(48, 14, 4, 1, '', 5, 225.00),
(49, 14, 1, 1, '', 3, 225.00),
(50, 18, 3, 1, '', 5, 225.00),
(51, 18, 4, 1, '', 5, 225.00),
(52, 18, 2, 1, '', 7, 225.00),
(53, 18, 1, 1, '', 7, 225.00),
(54, 17, 10, 1, '', 64, 110.00),
(55, 16, 10, 2, '', 253, 80.00),
(56, 15, 10, 1, '', 80, 195.00),
(57, 19, 3, 1, '', 5, 170.00),
(58, 19, 2, 1, '', 7, 170.00),
(59, 19, 4, 1, '', 5, 170.00),
(60, 19, 1, 1, '', 6, 170.00),
(61, 20, 3, 1, '', 5, 168.00),
(62, 20, 2, 1, '', 7, 168.00),
(63, 20, 1, 1, '', 6, 168.00),
(64, 20, 4, 1, '', 5, 168.00),
(65, 6, 1, 1, '', 8, 216.00),
(66, 6, 2, 1, '', 6, 216.00),
(67, 6, 3, 1, '', 7, 216.00),
(68, 6, 4, 1, '', 4, 216.00),
(69, 6, 5, 1, '', 2, 216.00);

-- --------------------------------------------------------

--
-- Table structure for table `sizes`
--

CREATE TABLE `sizes` (
  `id` int(11) NOT NULL,
  `name` varchar(50) COLLATE utf8mb4_unicode_ci NOT NULL
) ENGINE=InnoDB DEFAULT CHARSET=utf8mb4 COLLATE=utf8mb4_unicode_ci;

--
-- Dumping data for table `sizes`
--

INSERT INTO `sizes` (`id`, `name`) VALUES
(3, 'L'),
(2, 'M'),
(8, 'M1'),
(9, 'M2'),
(10, 'Regular'),
(1, 'S'),
(6, 'S1'),
(7, 'S2'),
(4, 'XL'),
(5, 'XXL');

-- --------------------------------------------------------

--
-- Table structure for table `users`
--

CREATE TABLE `users` (
  `id` int(11) NOT NULL,
  `name` varchar(100) COLLATE utf8mb4_unicode_ci NOT NULL,
  `email` varchar(100) COLLATE utf8mb4_unicode_ci NOT NULL,
  `phone` varchar(20) COLLATE utf8mb4_unicode_ci DEFAULT NULL,
  `password` varchar(255) COLLATE utf8mb4_unicode_ci NOT NULL,
  `gender` varchar(10) COLLATE utf8mb4_unicode_ci DEFAULT NULL,
  `dob` date DEFAULT NULL,
  `country` varchar(50) COLLATE utf8mb4_unicode_ci DEFAULT NULL,
  `city` varchar(50) COLLATE utf8mb4_unicode_ci DEFAULT NULL,
  `address` varchar(200) COLLATE utf8mb4_unicode_ci DEFAULT NULL,
  `newsletter` tinyint(1) DEFAULT '0',
  `created_at` timestamp NULL DEFAULT CURRENT_TIMESTAMP,
  `otp_code` varchar(10) COLLATE utf8mb4_unicode_ci DEFAULT NULL,
  `otp_expiry` datetime DEFAULT NULL
) ENGINE=InnoDB DEFAULT CHARSET=utf8mb4 COLLATE=utf8mb4_unicode_ci;

--
-- Dumping data for table `users`
--

INSERT INTO `users` (`id`, `name`, `email`, `phone`, `password`, `gender`, `dob`, `country`, `city`, `address`, `newsletter`, `created_at`, `otp_code`, `otp_expiry`) VALUES
(1, 'Demo', 'de@asd.com', '97459991972', '$2y$10$Ct0hXH7D7WYJUJ9R1gUi8.8CBa/SXANKIvvC6wV/aBiQfet6Ue7IW', 'male', '2000-01-01', 'Qatar', 'Doha', 'Doha', 0, '2025-09-07 14:41:45', NULL, NULL),
(2, 'Demo', 'admin@admin.com', NULL, '$2y$10$MtEMZMexmYYaz3A314UAJuvmt2bwijEtWjhydRVmlXRehaQLpgMba', NULL, NULL, NULL, NULL, NULL, 0, '2025-10-21 08:21:27', NULL, NULL),
(3, 'Hussain', 'hussain@tabrah-holding.com', '70147014', '$2y$10$rpPjWiEQLBVyo2oEsVRb/u.41wd6r4pil1ht9PIRjvlQUMqtUS.Ny', 'male', '2000-01-01', 'Qatar', 'Doha', 'Doha', 0, '2025-12-21 06:48:35', NULL, NULL),
(4, 'Shovon Ahmed', 'dearshovon@gmail.com', '01734312554', '$2y$10$jMmb8RroZPBoQDX2jVri4OWkxBDjuFC6Wre8MEQS2FGSyvEbYTbfu', 'male', '2025-12-24', 'Bangladesh', 'Noakhali', 'COMPANIGONJ,', 0, '2025-12-24 17:13:01', NULL, NULL),
(7, 'Abdulla Sagar', 'abdullasagar@aol.com', '50001414', '$2y$10$UzdhoeKl/X8ugDkCJf6GKuEb/3Cm9KeGnbCmrj1oNZIGUbLCsxSeC', 'male', '1986-02-22', 'Qatar', 'Doha', 'Street 875 Zone 32 House 22', 0, '2026-01-04 16:38:24', NULL, NULL),
(9, 'Ahmad yousuf deyab', 'qtr__12@hotmail.com', '55744474', '$2y$10$nvDdkAgPgKrOmVza1w.9zOpgGX0MIMbSlBrE8FfAR2SSmrzetK75u', 'male', '1986-04-02', 'Qatar', 'Doha', 'Althumama zone 46 street 863 villa 11', 0, '2026-01-11 15:03:53', NULL, NULL),
(10, 'Khalid', 'alsuqatrik@gmail.com', '66866111', '$2y$10$0PWHDntTdRj6.mo9BtxVX.Jp8tPysw50sABsnHahgYjtr.Skk.u.O', 'male', '1999-02-18', 'Qatar ', 'Doha', 'Q', 0, '2026-01-12 20:31:44', NULL, NULL),
(13, 'Haifa', 'haifa@athleteqa.com', '+97451037873', '$2y$10$pN5oUv9uvh0rdZSD278dcuUuPSZh8I4GSMZtl/qdsqTBLMLvpjR3i', 'female', '1998-06-16', 'Qatar', 'Doha', 'Lusail', 0, '2026-01-13 11:05:24', NULL, NULL),
(15, 'Nodari Khubuluri', 'khubulurinodar@gmail.com', '33689038', '$2y$10$5azPvQtQW/x99fEVRzn5w.c69ZpGq69FkHgYTO9iVC1zcvKUBBVQq', 'male', '1999-02-07', 'Georgia ', 'Tbilisi', 'Tbilisi', 0, '2026-01-13 13:44:05', NULL, NULL),
(16, 'Ahmad', 'almalki_667667@hotmail.com', '66766737', '$2y$10$KhjHD42zAlYESZ.k0fV/POGPf2w48VsTDCgGYBZJkC9bj3R2kEMAu', 'male', '0000-00-00', 'QA', 'النصر', 'Doha', 0, '2026-01-16 18:03:43', NULL, NULL),
(17, 'Meshaal Aldosari', 'qtrpower@gmail.com', '55350404', '$2y$10$QERc9LrAyrt4GtGc/QUNquLEI.aSkEvtOtK7E.4WgvHtKg80fyYo6', 'male', '1989-10-31', 'Qatar', 'Doha', '671', 0, '2026-01-23 17:20:28', NULL, NULL);

--
-- Indexes for dumped tables
--

--
-- Indexes for table `admins`
--
ALTER TABLE `admins`
  ADD PRIMARY KEY (`id`),
  ADD UNIQUE KEY `username` (`username`);

--
-- Indexes for table `carts`
--
ALTER TABLE `carts`
  ADD PRIMARY KEY (`id`);

--
-- Indexes for table `cart_items`
--
ALTER TABLE `cart_items`
  ADD PRIMARY KEY (`id`),
  ADD KEY `cart_id` (`cart_id`);

--
-- Indexes for table `categories`
--
ALTER TABLE `categories`
  ADD PRIMARY KEY (`id`),
  ADD UNIQUE KEY `slug` (`slug`);

--
-- Indexes for table `colors`
--
ALTER TABLE `colors`
  ADD PRIMARY KEY (`id`),
  ADD UNIQUE KEY `name` (`name`);

--
-- Indexes for table `guest_sessions`
--
ALTER TABLE `guest_sessions`
  ADD PRIMARY KEY (`id`);

--
-- Indexes for table `orders`
--
ALTER TABLE `orders`
  ADD PRIMARY KEY (`id`),
  ADD KEY `customer_id` (`customer_id`);

--
-- Indexes for table `order_items`
--
ALTER TABLE `order_items`
  ADD PRIMARY KEY (`id`);

--
-- Indexes for table `payments`
--
ALTER TABLE `payments`
  ADD PRIMARY KEY (`id`),
  ADD KEY `order_id` (`order_id`);

--
-- Indexes for table `products`
--
ALTER TABLE `products`
  ADD PRIMARY KEY (`id`);

--
-- Indexes for table `product_images`
--
ALTER TABLE `product_images`
  ADD PRIMARY KEY (`id`),
  ADD KEY `product_id` (`product_id`);

--
-- Indexes for table `product_reviews`
--
ALTER TABLE `product_reviews`
  ADD PRIMARY KEY (`id`),
  ADD KEY `product_id` (`product_id`);

--
-- Indexes for table `product_variants`
--
ALTER TABLE `product_variants`
  ADD PRIMARY KEY (`id`),
  ADD KEY `product_id` (`product_id`),
  ADD KEY `size_id` (`size_id`),
  ADD KEY `color_id` (`color_id`);

--
-- Indexes for table `sizes`
--
ALTER TABLE `sizes`
  ADD PRIMARY KEY (`id`),
  ADD UNIQUE KEY `name` (`name`);

--
-- Indexes for table `users`
--
ALTER TABLE `users`
  ADD PRIMARY KEY (`id`),
  ADD UNIQUE KEY `email` (`email`);

--
-- AUTO_INCREMENT for dumped tables
--

--
-- AUTO_INCREMENT for table `admins`
--
ALTER TABLE `admins`
  MODIFY `id` int(11) NOT NULL AUTO_INCREMENT, AUTO_INCREMENT=2;

--
-- AUTO_INCREMENT for table `carts`
--
ALTER TABLE `carts`
  MODIFY `id` int(11) NOT NULL AUTO_INCREMENT, AUTO_INCREMENT=466;

--
-- AUTO_INCREMENT for table `cart_items`
--
ALTER TABLE `cart_items`
  MODIFY `id` int(11) NOT NULL AUTO_INCREMENT, AUTO_INCREMENT=69;

--
-- AUTO_INCREMENT for table `categories`
--
ALTER TABLE `categories`
  MODIFY `id` int(11) NOT NULL AUTO_INCREMENT, AUTO_INCREMENT=19;

--
-- AUTO_INCREMENT for table `colors`
--
ALTER TABLE `colors`
  MODIFY `id` int(11) NOT NULL AUTO_INCREMENT, AUTO_INCREMENT=3;

--
-- AUTO_INCREMENT for table `guest_sessions`
--
ALTER TABLE `guest_sessions`
  MODIFY `id` int(11) NOT NULL AUTO_INCREMENT;

--
-- AUTO_INCREMENT for table `orders`
--
ALTER TABLE `orders`
  MODIFY `id` int(11) NOT NULL AUTO_INCREMENT, AUTO_INCREMENT=32;

--
-- AUTO_INCREMENT for table `order_items`
--
ALTER TABLE `order_items`
  MODIFY `id` int(11) NOT NULL AUTO_INCREMENT, AUTO_INCREMENT=34;

--
-- AUTO_INCREMENT for table `payments`
--
ALTER TABLE `payments`
  MODIFY `id` int(11) NOT NULL AUTO_INCREMENT;

--
-- AUTO_INCREMENT for table `products`
--
ALTER TABLE `products`
  MODIFY `id` int(11) NOT NULL AUTO_INCREMENT, AUTO_INCREMENT=21;

--
-- AUTO_INCREMENT for table `product_images`
--
ALTER TABLE `product_images`
  MODIFY `id` int(11) NOT NULL AUTO_INCREMENT, AUTO_INCREMENT=68;

--
-- AUTO_INCREMENT for table `product_reviews`
--
ALTER TABLE `product_reviews`
  MODIFY `id` int(11) NOT NULL AUTO_INCREMENT, AUTO_INCREMENT=2;

--
-- AUTO_INCREMENT for table `product_variants`
--
ALTER TABLE `product_variants`
  MODIFY `id` int(11) NOT NULL AUTO_INCREMENT, AUTO_INCREMENT=70;

--
-- AUTO_INCREMENT for table `sizes`
--
ALTER TABLE `sizes`
  MODIFY `id` int(11) NOT NULL AUTO_INCREMENT, AUTO_INCREMENT=11;

--
-- AUTO_INCREMENT for table `users`
--
ALTER TABLE `users`
  MODIFY `id` int(11) NOT NULL AUTO_INCREMENT, AUTO_INCREMENT=19;

--
-- Constraints for dumped tables
--

--
-- Constraints for table `cart_items`
--
ALTER TABLE `cart_items`
  ADD CONSTRAINT `cart_items_ibfk_1` FOREIGN KEY (`cart_id`) REFERENCES `carts` (`id`) ON DELETE CASCADE;

--
-- Constraints for table `orders`
--
ALTER TABLE `orders`
  ADD CONSTRAINT `fk_orders_user` FOREIGN KEY (`customer_id`) REFERENCES `users` (`id`) ON DELETE SET NULL;

--
-- Constraints for table `payments`
--
ALTER TABLE `payments`
  ADD CONSTRAINT `payments_ibfk_1` FOREIGN KEY (`order_id`) REFERENCES `orders` (`id`) ON DELETE CASCADE;

--
-- Constraints for table `product_images`
--
ALTER TABLE `product_images`
  ADD CONSTRAINT `product_images_ibfk_1` FOREIGN KEY (`product_id`) REFERENCES `products` (`id`) ON DELETE CASCADE;

--
-- Constraints for table `product_reviews`
--
ALTER TABLE `product_reviews`
  ADD CONSTRAINT `product_reviews_ibfk_1` FOREIGN KEY (`product_id`) REFERENCES `products` (`id`) ON DELETE CASCADE;

--
-- Constraints for table `product_variants`
--
ALTER TABLE `product_variants`
  ADD CONSTRAINT `product_variants_ibfk_1` FOREIGN KEY (`product_id`) REFERENCES `products` (`id`) ON DELETE CASCADE,
  ADD CONSTRAINT `product_variants_ibfk_2` FOREIGN KEY (`size_id`) REFERENCES `sizes` (`id`) ON DELETE SET NULL,
  ADD CONSTRAINT `product_variants_ibfk_3` FOREIGN KEY (`color_id`) REFERENCES `colors` (`id`) ON DELETE SET NULL;
COMMIT;

/*!40101 SET CHARACTER_SET_CLIENT=@OLD_CHARACTER_SET_CLIENT */;
/*!40101 SET CHARACTER_SET_RESULTS=@OLD_CHARACTER_SET_RESULTS */;
/*!40101 SET COLLATION_CONNECTION=@OLD_COLLATION_CONNECTION */;
